,y_test,m1_y_pred,m2_y_pred
0,6,6,6
1,6,6,6
2,7,7,7
3,3,0,0
4,6,6,6
5,7,7,7
6,0,0,0
7,5,5,5
8,4,3,3
9,6,6,6
10,7,7,7
11,4,0,0
12,6,6,6
13,7,7,7
14,0,0,0
15,5,5,5
16,2,3,3
17,8,1,1
18,1,1,1
19,6,6,6
20,7,7,7
21,0,0,0
22,5,5,5
23,8,3,3
24,2,2,2
25,1,1,1
26,6,6,6
27,4,7,7
28,6,6,6
29,4,7,7
30,6,6,6
31,7,7,7
32,0,0,0
33,5,5,5
34,3,3,3
35,6,6,6
36,4,7,7
37,6,6,6
38,7,7,7
39,4,0,4
40,6,6,6
41,7,7,7
42,0,0,0
43,5,5,5
44,3,3,3
45,6,6,6
46,4,7,7
47,6,6,6
48,4,7,7
49,6,6,6
50,7,7,7
51,0,0,0
52,5,5,5
53,4,3,3
54,6,6,6
55,4,7,7
56,6,6,6
57,4,7,7
58,6,6,6
59,4,7,7
60,6,6,6
61,7,7,7
62,0,0,0
63,5,5,5
64,8,3,3
65,2,2,2
66,1,1,1
67,6,6,6
68,7,7,7
69,0,0,0
70,5,5,5
71,3,3,3
72,6,6,6
73,4,7,7
74,6,6,6
75,7,7,7
76,3,0,0
77,6,6,6
78,7,7,7
79,0,0,0
80,5,5,5
81,4,3,3
82,6,6,6
83,4,7,7
84,6,6,6
85,7,7,7
86,4,0,0
87,6,6,6
88,7,7,7
89,0,0,0
90,5,5,5
91,2,3,3
92,1,1,1
93,8,8,8
94,6,6,6
95,7,7,7
96,0,0,0
97,5,5,5
98,8,3,3
99,1,2,2
100,2,2,2
101,6,6,6
102,4,7,7
103,6,6,6
104,7,7,7
105,3,0,0
106,6,6,6
107,7,7,7
108,0,0,0
109,5,5,5
110,1,3,3
111,2,2,2
112,8,8,8
113,6,6,6
114,4,7,7
115,6,6,6
116,4,7,7
117,6,6,6
118,7,7,7
119,3,0,0
120,6,6,6
121,4,7,7
122,6,6,6
123,7,7,7
124,0,0,0
125,5,5,5
126,3,3,3
127,6,6,6
128,7,7,7
129,4,0,0
130,6,6,6
131,7,7,7
132,4,3,4
133,6,6,6
134,7,7,7
135,4,0,0
136,6,6,6
137,7,7,7
138,0,0,0
139,5,5,5
140,4,3,3
141,6,6,6
142,7,7,7
143,4,0,0
144,6,6,6
145,7,7,7
146,4,0,0
147,6,6,6
148,7,7,7
149,4,0,0
150,6,6,6
151,4,7,7
152,6,6,6
153,7,7,7
154,0,0,0
155,5,5,5
156,8,3,3
157,1,2,2
158,2,2,2
159,6,6,6
160,7,7,7
161,0,0,0
162,5,5,5
163,4,3,3
164,6,6,6
165,7,7,7
166,0,0,0
167,5,5,5
168,4,3,3
169,6,6,6
170,7,7,7
171,0,0,0
172,5,5,5
173,3,3,3
174,6,6,6
175,7,7,7
176,0,0,0
177,5,5,5
178,8,2,2
179,2,2,2
180,1,1,1
181,6,6,6
182,7,7,7
183,3,0,0
184,6,6,6
185,4,7,7
186,6,6,6
187,7,7,7
188,3,0,0
189,6,6,6
190,7,7,7
191,0,0,0
192,5,5,5
193,2,3,3
194,8,8,1
195,1,1,1
196,6,6,6
197,4,7,7
198,6,6,6
199,7,7,7
200,0,0,0
201,5,5,5
202,4,3,3
203,6,6,6
204,4,7,7
205,6,6,6
206,4,7,7
207,6,6,6
208,7,7,7
209,4,0,0
210,6,6,6
211,7,7,7
212,0,0,0
213,5,5,5
214,2,3,3
215,1,8,8
216,8,8,8
217,6,6,6
218,7,7,7
219,0,0,0
220,5,5,5
221,3,3,3
222,6,6,6
223,4,7,7
224,6,6,6
225,4,7,7
226,6,6,6
227,4,7,7
228,6,6,6
229,7,7,7
230,0,0,0
231,5,5,5
232,8,3,3
233,2,2,2
234,1,1,1
235,6,6,6
236,7,7,7
237,0,0,0
238,5,5,5
239,4,3,3
240,6,6,6
241,7,7,7
242,0,0,0
243,5,5,5
244,1,3,3
245,2,2,2
246,8,8,8
247,6,6,6
248,7,7,7
249,0,0,0
250,5,5,5
251,8,3,3
252,2,2,2
253,1,1,1
254,6,6,6
255,7,7,7
256,0,0,0
257,5,5,5
258,3,3,3
259,6,6,6
260,7,7,7
261,4,0,0
262,6,6,6
263,4,7,7
264,6,6,6
265,4,7,7
266,6,6,6
267,7,7,7
268,0,0,0
269,5,5,5
270,2,3,3
271,8,8,8
272,1,1,1
273,6,6,6
274,4,7,7
275,6,6,6
276,7,7,7
277,4,0,0
278,6,6,6
279,4,7,7
280,6,6,6
281,7,7,7
282,0,0,0
283,5,5,5
284,3,3,3
285,6,6,6
286,4,7,7
287,6,6,6
288,4,7,7
289,6,6,6
290,7,7,7
291,0,0,0
292,5,5,5
293,2,3,3
294,8,8,8
295,1,1,1
296,6,6,6
297,4,7,7
298,6,6,6
299,7,7,7
300,0,0,0
301,5,5,5
302,3,3,3
303,6,6,6
304,7,7,7
305,0,0,0
306,5,5,5
307,3,3,3
308,6,6,6
309,4,7,7
310,6,6,6
311,7,7,7
312,0,0,0
313,5,5,3
314,2,3,3
315,8,8,8
316,1,1,1
317,6,6,6
318,7,7,7
319,3,0,0
320,6,6,6
321,7,7,7
322,3,0,0
323,6,6,6
324,4,7,7
325,6,6,6
326,7,7,7
327,0,0,0
328,5,5,5
329,3,3,3
330,6,6,6
331,7,7,7
332,0,0,0
333,5,5,5
334,2,3,3
335,8,8,8
336,1,1,1
337,6,6,6
338,7,7,7
339,0,0,0
340,5,5,5
341,3,2,3
342,6,6,6
343,4,7,7
344,6,6,6
345,7,7,7
346,0,0,0
347,5,5,5
348,3,2,2
349,6,6,6
350,4,7,7
351,6,6,6
352,4,7,7
353,6,6,6
354,7,7,7
355,4,0,0
356,6,6,6
357,7,7,7
358,0,4,4
359,5,5,5
360,3,2,3
361,6,6,6
362,7,7,7
363,0,0,0
364,5,5,5
365,4,2,2
366,6,6,6
367,7,7,7
368,0,4,4
369,5,5,5
370,1,3,3
371,2,2,8
372,8,8,8
373,6,6,6
374,4,7,7
375,6,6,6
376,4,7,7
377,6,6,6
378,4,7,7
379,6,6,6
380,4,7,7
381,6,6,6
382,4,7,7
383,6,6,6
384,7,7,7
385,0,0,0
386,5,5,5
387,4,3,3
388,6,6,6
389,4,7,7
390,6,6,6
391,4,7,7
392,6,6,6
393,7,7,7
394,0,4,4
395,3,5,5
396,6,6,6
397,4,7,7
398,6,6,6
399,4,7,7
400,6,6,6
401,7,7,7
402,0,0,0
403,5,5,5
404,3,4,3
405,6,6,6
406,4,7,7
407,6,6,6
408,7,7,7
409,0,0,0
410,5,5,5
411,8,3,3
412,2,2,2
413,1,1,1
414,6,6,6
415,4,7,7
416,6,6,6
417,4,7,7
418,6,6,6
419,4,7,7
420,6,6,6
421,4,7,7
422,6,6,6
423,4,7,7
424,6,6,6
425,7,7,7
426,0,0,0
427,5,5,5
428,4,3,3
429,6,6,6
430,4,7,7
431,6,6,6
432,4,7,7
433,6,6,6
434,7,7,7
435,0,0,0
436,5,5,5
437,2,3,3
438,8,8,8
439,1,1,1
440,6,6,6
441,4,7,7
442,6,6,6
443,4,7,7
444,6,6,6
445,7,7,7
446,0,0,0
447,5,5,5
448,3,3,3
449,6,6,6
450,4,7,7
451,6,6,6
452,4,7,7
453,6,6,6
454,4,7,7
455,6,6,6
456,7,7,7
457,0,0,0
458,5,5,5
459,3,3,3
460,6,6,6
461,7,7,7
462,0,0,0
463,5,5,5
464,3,3,3
465,6,6,6
466,7,7,7
467,0,0,0
468,5,5,5
469,1,3,3
470,2,2,2
471,8,8,8
472,6,6,6
473,4,7,7
474,6,6,6
475,7,7,7
476,0,0,0
477,5,5,5
478,3,3,3
479,6,6,6
480,7,7,7
481,0,0,0
482,5,5,5
483,1,3,3
484,2,2,2
485,8,8,8
486,6,6,6
487,7,7,7
488,0,0,0
489,5,5,5
490,8,3,3
491,2,2,2
492,1,1,1
493,6,6,6
494,4,7,7
495,6,6,6
496,7,7,7
497,3,0,0
498,6,6,6
499,7,7,7
500,0,0,0
501,5,5,5
502,8,3,3
503,2,2,2
504,1,1,1
505,6,6,6
506,7,7,7
507,0,0,0
508,5,5,5
509,2,3,3
510,1,8,8
511,8,8,8
512,6,6,6
513,4,7,7
514,6,6,6
515,4,7,7
516,6,6,6
517,7,7,7
518,0,0,0
519,5,5,5
520,2,4,3
521,1,8,1
522,8,8,8
523,6,6,6
524,7,7,7
525,0,0,0
526,5,5,5
527,4,3,3
528,6,6,6
529,7,7,7
530,3,0,0
531,6,6,6
532,7,7,7
533,0,0,0
534,5,5,5
535,4,3,3
536,6,6,6
537,4,7,7
538,6,6,6
539,4,7,7
540,6,6,6
541,7,7,7
542,0,0,0
543,5,5,5
544,8,3,3
545,2,2,2
546,1,1,1
547,6,6,6
548,7,7,7
549,0,0,0
550,5,5,5
551,3,3,3
552,6,6,6
553,4,7,7
554,6,6,6
555,7,7,7
556,4,0,0
557,6,6,6
558,7,7,7
559,0,0,0
560,5,5,5
561,3,3,3
562,6,6,6
563,4,7,7
564,1,2,2
565,2,2,2
566,6,6,6
567,4,7,7
568,6,6,6
569,4,7,7
570,6,6,6
571,4,7,7
572,6,6,6
573,7,7,7
574,0,0,0
575,5,5,5
576,4,3,3
577,6,6,6
578,4,7,7
579,8,8,8
580,1,1,1
581,6,6,6
582,7,7,7
583,0,0,0
584,5,5,5
585,3,3,3
586,6,6,6
587,7,7,7
588,3,0,0
589,6,6,6
590,7,7,7
591,0,0,0
592,5,5,5
593,2,3,3
594,1,1,1
595,8,8,8
596,6,6,6
597,7,7,7
598,0,0,0
599,5,5,5
600,2,3,3
601,8,8,8
602,1,1,1
603,6,6,6
604,4,7,7
605,6,6,6
606,7,7,7
607,4,3,4
608,6,6,6
609,7,7,7
610,4,0,0
611,6,6,6
612,7,7,7
613,0,0,4
614,5,5,5
615,3,3,3
616,6,6,6
617,4,7,7
618,6,6,6
619,4,7,7
620,6,6,6
621,4,7,7
622,6,6,6
623,4,7,7
624,6,6,6
625,7,7,7
626,4,0,4
627,6,6,6
628,7,7,7
629,0,0,0
630,5,5,5
631,3,3,3
632,6,6,6
633,4,7,7
634,6,6,6
635,7,7,7
636,0,0,0
637,5,5,5
638,1,3,3
639,8,2,2
640,2,2,2
641,6,6,6
642,7,7,7
643,3,0,0
644,6,6,6
645,4,7,7
646,6,6,6
647,4,7,7
648,6,6,6
649,4,7,7
650,6,6,6
651,7,7,7
652,0,0,0
653,5,5,5
654,2,3,3
655,8,8,8
656,1,1,1
657,6,6,6
658,4,7,7
659,6,6,6
660,7,7,7
661,0,0,0
662,5,5,5
663,3,3,3
664,6,6,6
665,4,7,7
666,6,6,6
667,7,7,7
668,0,0,0
669,5,5,5
670,3,3,3
671,6,6,6
672,7,7,7
673,0,0,0
674,5,5,5
675,2,3,3
676,1,8,8
677,8,8,8
678,6,6,6
679,4,7,7
680,0,0,0
681,5,5,5
682,2,3,3
683,8,8,8
684,1,1,1
685,6,6,6
686,7,7,7
687,0,0,0
688,5,5,5
689,2,3,3
690,8,8,8
691,1,1,1
692,6,6,6
693,4,7,7
694,6,6,6
695,7,7,7
696,4,0,0
697,6,6,6
698,7,7,7
699,0,0,0
700,5,5,5
701,2,3,3
702,1,8,1
703,8,8,8
704,6,6,6
705,4,7,7
706,6,6,6
707,7,7,7
708,0,0,0
709,5,5,5
710,3,3,3
711,6,6,6
712,4,7,7
713,6,6,6
714,7,7,7
715,3,0,0
716,6,6,6
717,7,7,7
718,0,0,0
719,3,5,5
720,6,6,6
721,7,7,7
722,0,0,0
723,5,5,5
724,2,3,3
725,8,1,1
726,1,1,1
727,6,6,6
728,7,7,7
729,0,0,0
730,5,5,5
731,3,3,3
732,6,6,6
733,4,7,7
734,6,6,6
735,7,7,7
736,4,0,0
737,6,6,6
738,4,7,7
739,6,6,6
740,4,7,7
741,6,6,6
742,4,7,7
743,6,6,6
744,7,7,7
745,0,0,0
746,5,5,5
747,3,3,3
748,6,6,6
749,7,7,7
750,3,0,0
751,6,6,6
752,7,7,7
753,0,0,0
754,5,5,5
755,4,3,3
756,6,6,6
757,7,7,7
758,3,0,0
759,6,6,6
760,4,7,7
761,6,6,6
762,7,7,7
763,4,0,4
764,6,6,6
765,4,7,7
766,6,6,6
767,7,7,7
768,0,0,0
769,5,5,5
770,2,3,3
771,8,8,8
772,1,1,1
773,6,6,6
774,4,7,7
775,6,6,6
776,7,7,7
777,0,0,0
778,5,5,5
779,3,3,3
780,6,6,6
781,7,7,7
782,0,0,4
783,5,5,5
784,3,3,3
785,6,6,6
786,7,7,7
787,0,0,0
788,5,5,5
789,2,3,3
790,8,8,8
791,1,1,1
792,6,6,6
793,7,7,7
794,0,0,0
795,5,5,5
796,4,3,3
797,6,6,6
798,7,7,7
799,0,0,0
800,5,5,5
801,1,3,3
802,8,2,2
803,2,2,2
804,6,6,6
805,7,7,7
806,0,0,0
807,5,5,5
808,2,3,3
809,8,8,8
810,1,1,1
811,6,6,6
812,4,7,7
813,6,6,6
814,7,7,7
815,0,0,0
816,5,5,5
817,4,3,3
818,6,6,6
819,7,7,7
820,0,0,0
821,5,5,5
822,2,3,3
823,1,8,8
824,8,8,8
825,6,6,6
826,4,7,7
827,6,6,6
828,4,7,7
829,6,6,6
830,7,7,7
831,0,0,0
832,5,5,5
833,1,3,3
834,8,2,2
835,2,2,2
836,6,6,6
837,4,7,7
838,6,6,6
839,7,7,7
840,0,0,0
841,5,5,5
842,2,3,3
843,1,8,8
844,8,8,8
845,6,6,6
846,4,7,7
847,6,6,6
848,7,7,7
849,4,0,0
850,6,6,6
851,4,7,7
852,6,6,6
853,7,7,7
854,0,0,0
855,5,5,5
856,3,3,3
857,6,6,6
858,7,7,7
859,0,0,0
860,5,5,5
861,1,3,3
862,2,2,2
863,8,8,8
864,6,6,6
865,7,7,7
866,0,0,0
867,5,5,5
868,1,3,2
869,2,2,2
870,8,8,8
871,6,6,6
872,7,7,7
873,0,0,0
874,5,5,5
875,2,3,3
876,8,8,8
877,1,1,1
878,6,6,6
879,4,7,7
880,6,6,6
881,7,7,7
882,0,0,0
883,5,5,5
884,2,2,2
885,1,8,1
886,8,8,8
887,6,6,6
888,4,7,7
889,6,6,6
890,4,7,7
891,6,6,6
892,7,7,7
893,0,0,0
894,5,5,5
895,3,3,3
896,6,6,6
897,7,7,7
898,0,0,0
899,5,5,5
900,2,2,2
901,1,8,8
902,8,8,8
903,6,6,6
904,7,7,7
905,0,0,0
906,5,5,5
907,2,3,3
908,1,8,8
909,8,8,8
910,6,6,6
911,7,7,7
912,3,0,4
913,6,6,6
914,4,7,7
915,6,6,6
916,7,7,7
917,0,0,0
918,5,5,5
919,2,3,3
920,1,8,8
921,8,8,8
922,6,6,6
923,7,7,7
924,0,0,0
925,5,5,5
926,3,3,3
927,6,6,6
928,7,7,7
929,3,0,3
930,6,6,6
931,7,7,7
932,0,0,0
933,5,5,5
934,1,3,3
935,2,2,2
936,8,8,8
937,6,6,6
938,4,7,7
939,6,6,6
940,7,7,7
941,0,0,0
942,3,5,5
943,6,6,6
944,7,7,7
945,0,0,0
946,5,5,5
947,8,3,3
948,1,2,2
949,2,2,2
950,6,6,6
951,4,7,7
952,6,6,6
953,7,7,7
954,4,0,4
955,6,6,6
956,7,7,7
957,0,0,0
958,5,5,5
959,3,2,2
960,6,6,6
961,7,7,7
962,0,0,0
963,5,5,5
964,2,3,3
965,8,8,8
966,1,1,1
967,6,6,6
968,4,7,7
969,6,6,6
970,4,7,7
971,6,6,6
972,4,7,7
973,6,6,6
974,4,7,7
975,6,6,6
976,4,7,7
977,6,6,6
978,7,7,7
979,0,0,0
980,5,5,5
981,2,3,3
982,1,8,8
983,8,8,8
984,6,6,6
985,7,7,7
986,4,0,0
987,6,6,6
988,7,7,7
989,4,0,0
990,6,6,6
991,7,7,7
992,0,0,0
993,5,5,5
994,4,3,3
995,6,6,6
996,7,7,7
997,0,0,0
998,5,5,5
999,2,3,3
1000,8,8,8
1001,1,1,1
1002,6,6,6
1003,7,7,7
1004,4,0,0
1005,6,6,6
1006,7,7,7
1007,0,0,0
1008,5,5,5
1009,3,3,3
1010,6,6,6
1011,4,7,7
1012,6,6,6
1013,4,7,7
1014,6,6,6
1015,7,7,7
1016,4,0,0
1017,6,6,6
1018,7,7,7
1019,0,0,0
1020,5,5,5
1021,4,3,3
1022,6,6,6
1023,4,7,7
1024,6,6,6
1025,7,7,7
1026,0,0,0
1027,5,5,5
1028,3,3,3
1029,6,6,6
1030,7,7,7
1031,4,0,0
1032,6,6,6
1033,7,7,7
1034,3,0,0
1035,6,6,6
1036,4,7,7
1037,6,6,6
1038,7,7,7
1039,0,0,0
1040,5,5,5
1041,3,3,3
1042,6,6,6
1043,7,7,7
1044,0,4,3
1045,5,5,5
1046,3,3,3
1047,6,6,6
1048,7,7,7
1049,0,0,0
1050,5,5,5
1051,3,3,3
1052,6,6,6
1053,7,7,7
1054,0,4,4
1055,5,5,5
1056,3,3,3
1057,6,6,6
1058,7,7,7
1059,0,0,0
1060,5,5,5
1061,3,2,2
1062,6,6,6
1063,4,7,7
1064,6,6,6
1065,4,7,7
1066,6,6,6
1067,7,7,7
1068,0,0,0
1069,5,5,5
1070,8,3,3
1071,1,2,2
1072,2,2,2
1073,6,6,6
1074,7,7,7
1075,4,0,0
1076,6,6,6
1077,4,7,7
1078,6,6,6
1079,7,7,7
1080,0,0,0
1081,5,5,5
1082,8,3,3
1083,1,2,2
1084,2,2,2
1085,6,6,6
1086,4,7,7
1087,6,6,6
1088,7,7,7
1089,0,0,0
1090,5,5,5
1091,2,3,3
1092,1,8,8
1093,8,8,8
1094,6,6,6
1095,7,7,7
1096,4,0,0
1097,6,6,6
1098,7,7,7
1099,0,0,0
1100,5,5,5
1101,2,3,3
1102,1,8,8
1103,8,8,8
1104,6,6,6
1105,4,7,7
1106,6,6,6
1107,7,7,7
1108,0,0,0
1109,5,5,5
1110,3,3,3
1111,6,6,6
1112,7,7,7
1113,0,0,0
1114,5,5,5
1115,2,3,3
1116,8,8,8
1117,1,1,1
1118,6,6,6
1119,4,7,7
1120,6,6,6
1121,7,7,7
1122,0,0,0
1123,5,5,5
1124,1,3,3
1125,8,2,2
1126,2,2,2
1127,6,6,6
1128,4,7,7
1129,6,6,6
1130,7,7,7
1131,0,0,0
1132,5,5,5
1133,2,3,3
1134,8,8,8
1135,1,1,1
1136,6,6,6
1137,4,7,7
1138,6,6,6
1139,7,7,7
1140,0,0,0
1141,5,5,5
1142,8,3,3
1143,2,2,2
1144,1,1,1
1145,6,6,6
1146,4,7,7
1147,6,6,6
1148,4,7,7
1149,6,6,6
1150,7,7,7
1151,4,0,0
1152,6,6,6
1153,7,7,7
1154,4,0,0
1155,6,6,6
1156,7,7,7
1157,0,0,0
1158,5,5,5
1159,4,2,3
1160,6,6,6
1161,7,7,7
1162,4,0,0
1163,6,6,6
1164,4,7,7
1165,6,6,6
1166,7,7,7
1167,0,0,0
1168,5,5,5
1169,4,3,3
1170,6,6,6
1171,7,7,7
1172,4,0,0
1173,6,6,6
1174,7,7,7
1175,0,0,0
1176,5,5,5
1177,3,3,3
1178,6,6,6
1179,7,7,7
1180,0,0,0
1181,5,5,5
1182,4,3,3
1183,6,6,6
1184,4,7,7
1185,6,6,6
1186,7,7,7
1187,4,0,0
1188,6,6,6
1189,7,7,7
1190,0,0,0
1191,5,5,5
1192,4,3,3
1193,6,6,6
1194,7,7,7
1195,0,0,0
1196,5,5,5
1197,3,3,3
1198,6,6,6
1199,4,7,7
1200,6,6,6
1201,4,7,7
1202,6,6,6
1203,7,7,7
1204,0,0,0
1205,5,5,5
1206,3,3,3
1207,6,6,6
1208,4,7,7
1209,6,6,6
1210,4,7,7
1211,6,6,6
1212,7,7,7
1213,4,0,4
1214,6,6,6
1215,4,7,7
1216,6,6,6
1217,7,7,7
1218,3,0,0
1219,6,6,6
1220,7,7,7
1221,0,0,0
1222,5,5,5
1223,3,3,3
1224,6,6,6
1225,7,7,7
1226,3,0,0
1227,6,6,6
1228,4,7,7
1229,6,6,6
1230,7,7,7
1231,0,0,4
1232,5,5,5
1233,4,3,3
1234,6,6,6
1235,7,7,7
1236,0,0,0
1237,5,5,5
1238,1,3,3
1239,2,2,2
1240,8,8,8
1241,6,6,6
1242,7,7,7
1243,3,0,0
1244,6,6,6
1245,7,7,7
1246,0,0,0
1247,5,5,5
1248,3,3,3
1249,6,6,6
1250,4,7,7
1251,6,6,6
1252,4,7,7
1253,6,6,6
1254,7,7,7
1255,4,3,0
1256,6,6,6
1257,7,7,7
1258,3,4,4
1259,6,6,6
1260,7,7,7
1261,0,0,0
1262,5,5,5
1263,8,3,3
1264,2,2,2
1265,1,1,1
1266,6,6,6
1267,4,7,7
1268,6,6,6
1269,4,7,7
1270,6,6,6
1271,4,7,7
1272,6,6,6
1273,4,7,7
1274,6,6,6
1275,7,7,7
1276,0,0,0
1277,5,5,5
1278,8,2,2
1279,2,2,2
1280,1,1,1
1281,6,6,6
1282,4,7,7
1283,6,6,6
1284,7,7,7
1285,3,0,0
1286,6,6,6
1287,7,7,7
1288,3,0,0
1289,6,6,6
1290,7,7,7
1291,0,0,0
1292,5,5,5
1293,3,3,3
1294,6,6,6
1295,4,7,7
1296,6,6,6
1297,4,7,7
1298,6,6,6
1299,4,7,7
1300,6,6,6
1301,7,7,7
1302,0,0,0
1303,5,5,5
1304,4,2,2
1305,6,6,6
1306,4,7,7
1307,6,6,6
1308,7,7,7
1309,0,0,0
1310,5,5,5
1311,8,2,2
1312,1,2,2
1313,2,2,2
1314,6,6,6
1315,7,7,7
1316,0,0,0
1317,5,5,5
1318,3,3,3
1319,6,6,6
1320,4,7,7
1321,6,6,6
1322,4,7,7
1323,6,6,6
1324,7,7,7
1325,0,0,0
1326,5,5,5
1327,3,3,3
1328,6,6,6
1329,7,7,7
1330,0,0,0
1331,5,5,5
1332,2,3,3
1333,8,8,8
1334,1,1,1
1335,6,6,6
1336,4,7,7
1337,6,6,6
1338,7,7,7
1339,0,0,0
1340,5,5,5
1341,3,3,3
1342,6,6,6
1343,7,7,7
1344,0,0,0
1345,5,5,5
1346,3,3,3
1347,6,6,6
1348,4,7,7
1349,6,6,6
1350,4,7,7
1351,6,6,6
1352,7,7,7
1353,4,0,0
1354,7,7,7
1355,5,5,5
1356,2,2,2
1357,1,1,1
1358,6,6,6
1359,7,7,7
1360,0,0,0
1361,5,5,5
1362,8,3,3
1363,1,2,2
1364,2,2,2
1365,6,6,6
1366,7,7,7
1367,0,0,0
1368,5,5,5
1369,2,3,3
1370,1,8,8
1371,8,8,8
1372,6,6,6
1373,7,7,7
1374,3,4,3
1375,6,6,6
1376,7,7,7
1377,4,0,0
1378,6,6,6
1379,7,7,7
1380,0,0,0
1381,5,5,5
1382,3,3,3
1383,6,6,6
1384,7,7,7
1385,0,0,0
1386,5,5,5
1387,3,3,3
1388,6,6,6
1389,7,7,7
1390,0,0,0
1391,5,5,5
1392,3,3,3
1393,6,6,6
1394,7,7,7
1395,0,0,0
1396,5,5,5
1397,2,3,3
1398,8,8,8
1399,1,1,1
1400,6,6,6
1401,7,7,7
1402,0,0,0
1403,5,5,5
1404,4,3,3
1405,6,6,6
1406,4,7,7
1407,6,6,6
1408,7,7,7
1409,4,0,0
1410,6,6,6
1411,7,7,7
1412,4,0,4
1413,6,6,6
1414,7,7,7
1415,0,0,4
1416,5,5,5
1417,4,3,3
1418,6,6,6
1419,4,7,7
1420,6,6,6
1421,7,7,7
1422,4,0,0
1423,6,6,6
1424,7,7,7
1425,0,0,0
1426,5,5,5
1427,1,3,3
1428,8,2,2
1429,2,2,2
1430,6,6,6
1431,4,7,7
1432,6,6,6
1433,7,7,7
1434,0,0,0
1435,5,5,5
1436,3,3,3
1437,6,6,6
1438,4,7,7
1439,6,6,6
1440,4,7,7
1441,6,6,6
1442,4,7,7
1443,6,6,6
1444,4,7,7
1445,6,6,6
1446,7,7,7
1447,3,0,0
1448,6,6,6
1449,4,7,7
1450,6,6,6
1451,7,7,7
1452,0,0,0
1453,5,5,5
1454,4,3,3
1455,6,6,6
1456,4,7,7
1457,6,6,6
1458,4,7,7
1459,6,6,6
1460,7,7,7
1461,0,0,0
1462,5,5,5
1463,3,2,3
1464,6,6,6
1465,4,7,7
1466,6,6,6
1467,4,7,7
1468,6,6,6
1469,7,7,7
1470,4,0,0
1471,6,6,6
1472,7,7,7
1473,0,0,0
1474,5,5,5
1475,2,2,3
1476,8,8,8
1477,1,1,1
1478,6,6,6
1479,4,7,7
1480,6,6,6
1481,7,7,7
1482,0,0,0
1483,5,5,5
1484,3,3,3
1485,6,6,6
1486,4,7,7
1487,6,6,6
1488,4,7,7
1489,6,6,6
1490,4,7,7
1491,6,6,6
1492,7,7,7
1493,0,0,0
1494,5,5,5
1495,8,3,3
1496,2,2,2
1497,1,1,1
1498,6,6,6
1499,4,7,7
1500,6,6,6
1501,7,7,7
1502,0,0,0
1503,5,5,5
1504,3,3,3
1505,6,6,6
1506,7,7,7
1507,0,0,0
1508,5,5,5
1509,4,3,3
1510,6,6,6
1511,7,7,7
1512,0,0,0
1513,5,5,5
1514,2,3,3
1515,8,8,8
1516,1,1,1
1517,6,6,6
1518,4,7,7
1519,6,6,6
1520,7,7,7
1521,3,0,0
1522,6,6,6
1523,7,7,7
1524,0,0,0
1525,5,5,5
1526,8,2,3
1527,2,2,2
1528,1,1,1
1529,6,6,6
1530,7,7,7
1531,0,0,0
1532,5,5,5
1533,8,3,3
1534,2,2,2
1535,1,1,1
1536,6,6,6
1537,4,7,7
1538,6,6,6
1539,4,7,7
1540,6,6,6
1541,7,7,7
1542,3,0,0
1543,6,6,6
1544,4,7,7
1545,6,6,6
1546,4,7,7
1547,6,6,6
1548,7,7,7
1549,0,0,0
1550,5,5,5
1551,4,3,3
1552,6,6,6
1553,4,7,7
1554,6,6,6
1555,4,7,7
1556,6,6,6
1557,7,7,7
1558,0,0,0
1559,5,5,5
1560,4,3,3
1561,6,6,6
1562,7,7,7
1563,4,0,0
1564,6,6,6
1565,4,7,7
1566,6,6,6
1567,4,7,7
1568,6,6,6
1569,4,7,7
1570,6,6,6
1571,4,7,7
1572,6,6,6
1573,4,7,7
1574,6,6,6
1575,7,7,7
1576,4,0,0
1577,6,6,6
1578,4,7,7
1579,6,6,6
1580,7,7,7
1581,0,0,0
1582,5,5,5
1583,3,3,3
1584,6,6,6
1585,4,7,7
1586,6,6,6
1587,4,7,7
1588,6,6,6
1589,7,7,7
1590,0,0,0
1591,5,5,5
1592,2,3,3
1593,1,8,8
1594,8,8,8
1595,6,6,6
1596,7,7,7
1597,0,0,0
1598,5,5,5
1599,2,3,3
1600,1,8,8
1601,8,8,8
1602,6,6,6
1603,7,7,7
1604,3,0,0
1605,6,6,6
1606,4,7,7
1607,6,6,6
1608,7,7,7
1609,4,0,0
1610,6,6,6
1611,7,7,7
1612,0,0,0
1613,5,5,5
1614,3,3,3
1615,6,6,6
1616,4,7,7
1617,6,6,6
1618,7,7,7
1619,0,0,4
1620,5,5,5
1621,3,3,3
1622,6,6,6
1623,7,7,7
1624,3,0,0
1625,6,6,6
1626,7,7,7
1627,4,0,0
1628,6,6,6
1629,7,7,7
1630,3,0,0
1631,6,6,6
1632,4,7,7
1633,6,6,6
1634,7,7,7
1635,3,0,0
1636,6,6,6
1637,7,7,7
1638,0,0,0
1639,5,5,5
1640,3,3,3
1641,6,6,6
1642,4,7,7
1643,6,6,6
1644,7,7,7
1645,0,0,0
1646,5,5,5
1647,4,3,3
1648,6,6,6
1649,4,7,7
1650,6,6,6
1651,4,7,7
1652,6,6,6
1653,4,7,7
1654,6,6,6
1655,4,7,7
1656,6,6,6
1657,4,7,7
1658,6,6,6
1659,7,7,7
1660,0,0,0
1661,5,5,5
1662,2,3,3
1663,8,8,8
1664,1,1,1
1665,6,6,6
1666,7,7,7
1667,0,0,0
1668,5,5,5
1669,2,3,3
1670,1,8,8
1671,8,8,8
1672,6,6,6
1673,7,7,7
1674,0,0,0
1675,5,5,5
1676,4,3,3
1677,6,6,6
1678,4,7,7
1679,6,6,6
1680,4,7,7
1681,6,6,6
1682,7,7,7
1683,0,0,0
1684,5,5,5
1685,3,3,3
1686,6,6,6
1687,7,7,7
1688,0,0,0
1689,5,5,5
1690,3,3,3
1691,0,0,0
1692,5,5,5
1693,2,3,3
1694,1,8,8
1695,8,8,8
1696,6,6,6
1697,7,7,7
1698,0,0,0
1699,5,5,5
1700,3,3,3
1701,6,6,6
1702,7,7,7
1703,0,0,0
1704,5,5,5
1705,2,3,3
1706,8,1,1
1707,1,1,1
1708,6,6,6
1709,4,7,7
1710,6,6,6
1711,7,7,7
1712,0,0,0
1713,5,5,5
1714,2,2,3
1715,1,8,8
1716,8,8,8
1717,6,6,6
1718,4,7,7
1719,6,6,6
1720,4,7,7
1721,6,6,6
1722,4,7,7
1723,6,6,6
1724,4,7,7
1725,6,6,6
1726,7,7,7
1727,0,0,0
1728,5,5,5
1729,4,3,3
1730,6,6,6
1731,7,7,7
1732,3,0,0
1733,6,6,6
1734,7,7,7
1735,0,0,0
1736,5,5,5
1737,3,3,3
1738,6,6,6
1739,4,7,7
1740,6,6,6
1741,4,7,7
1742,6,6,6
1743,4,7,7
1744,6,6,6
1745,7,7,7
1746,4,0,0
1747,6,6,6
1748,7,7,7
1749,4,0,4
1750,6,6,6
1751,4,7,7
1752,6,6,6
1753,4,7,7
1754,6,6,6
1755,7,7,7
1756,0,0,0
1757,5,5,5
1758,3,3,3
1759,6,6,6
1760,4,7,7
1761,6,6,6
1762,7,7,7
1763,0,0,0
1764,5,5,5
1765,8,2,2
1766,1,2,2
1767,2,2,2
1768,6,6,6
1769,7,7,7
1770,4,0,0
1771,6,6,6
1772,4,7,7
1773,6,6,6
1774,7,7,7
1775,3,0,0
1776,6,6,6
1777,4,7,7
1778,6,6,6
1779,4,7,7
1780,6,6,6
1781,7,7,7
1782,4,0,0
1783,6,6,6
1784,7,7,7
1785,0,0,0
1786,5,5,5
1787,3,3,3
1788,6,6,6
1789,4,7,7
1790,6,6,6
1791,4,7,7
1792,6,6,6
1793,4,7,7
1794,6,6,6
1795,7,7,7
1796,0,0,0
1797,5,5,5
1798,4,3,3
1799,6,6,6
1800,4,7,7
1801,6,6,6
1802,7,7,7
1803,3,0,0
1804,6,6,6
1805,7,7,7
1806,0,0,0
1807,5,5,5
1808,3,3,3
1809,6,6,6
1810,7,7,7
1811,0,0,0
1812,5,5,5
1813,2,2,2
1814,1,8,8
1815,8,8,8
1816,6,6,6
1817,7,7,7
1818,0,0,0
1819,5,5,5
1820,2,3,3
1821,8,8,8
1822,1,1,1
1823,6,6,6
1824,7,7,7
1825,0,0,0
1826,5,5,5
1827,3,3,3
1828,6,6,6
1829,4,7,7
1830,6,6,6
1831,7,7,7
1832,0,0,0
1833,5,5,5
1834,4,3,3
1835,6,6,6
1836,4,7,7
1837,6,6,6
1838,4,7,7
1839,6,6,6
1840,7,7,7
1841,4,0,0
1842,6,6,6
1843,7,7,7
1844,4,0,0
1845,6,6,6
1846,4,7,7
1847,6,6,6
1848,4,7,7
1849,6,6,6
1850,7,7,7
1851,0,0,0
1852,5,5,5
1853,3,3,3
1854,6,6,6
1855,4,7,7
1856,6,6,6
1857,4,7,7
1858,6,6,6
1859,7,7,7
1860,0,0,4
1861,5,5,5
1862,2,3,3
1863,1,8,8
1864,8,8,8
1865,6,6,6
1866,7,7,7
1867,4,0,0
1868,6,6,6
1869,7,7,7
1870,0,0,0
1871,5,5,5
1872,4,3,3
1873,6,6,6
1874,7,7,7
1875,0,0,0
1876,5,5,5
1877,1,3,3
1878,8,2,2
1879,2,2,2
1880,6,6,6
1881,7,7,7
1882,0,0,0
1883,5,5,5
1884,8,3,3
1885,2,2,2
1886,1,1,1
1887,6,6,6
1888,7,7,7
1889,4,0,0
1890,6,6,6
1891,7,7,7
1892,0,0,0
1893,5,5,5
1894,3,3,3
1895,6,6,6
1896,4,7,7
1897,6,6,6
1898,7,7,7
1899,0,0,0
1900,5,5,5
1901,1,3,3
1902,2,2,2
1903,8,8,8
1904,6,6,6
1905,4,7,7
1906,6,6,6
1907,7,7,7
1908,0,0,0
1909,5,5,5
1910,3,3,3
1911,6,6,6
1912,7,7,7
1913,4,0,4
1914,6,6,6
1915,4,7,7
1916,6,6,6
1917,4,7,7
1918,6,6,6
1919,7,7,7
1920,0,0,4
1921,3,5,5
1922,6,6,6
1923,4,7,7
1924,6,6,6
1925,4,7,7
1926,6,6,6
1927,4,7,7
1928,6,6,6
1929,7,7,7
1930,4,0,4
1931,6,6,6
1932,7,7,7
1933,0,0,0
1934,3,5,5
1935,6,6,6
1936,7,7,7
1937,0,0,0
1938,5,5,5
1939,2,3,3
1940,8,1,8
1941,1,1,1
1942,6,6,6
1943,7,7,7
1944,0,0,0
1945,5,5,5
1946,4,3,3
1947,6,6,6
1948,7,7,7
1949,0,0,0
1950,5,5,5
1951,3,3,3
1952,6,6,6
1953,7,7,7
1954,0,0,0
1955,5,5,5
1956,3,3,3
1957,6,6,6
1958,4,7,7
1959,6,6,6
1960,4,7,7
1961,6,6,6
1962,4,7,7
1963,6,6,6
1964,4,7,7
1965,6,6,6
1966,7,7,7
1967,0,0,0
1968,5,5,5
1969,3,2,3
1970,6,6,6
1971,4,7,7
1972,6,6,6
1973,7,7,7
1974,0,0,0
1975,5,5,5
1976,2,3,3
1977,1,8,8
1978,8,8,8
1979,6,6,6
1980,7,7,7
1981,4,0,0
1982,6,6,6
1983,4,7,7
1984,6,6,6
1985,7,7,7
1986,0,0,0
1987,5,5,5
1988,3,4,3
1989,6,6,6
1990,4,7,7
1991,6,6,6
1992,7,7,7
1993,0,0,0
1994,5,5,5
1995,1,2,3
1996,2,2,2
1997,8,8,8
1998,6,6,6
1999,7,7,7
2000,0,0,0
2001,5,5,5
2002,4,2,3
2003,6,6,6
2004,7,7,7
2005,0,0,0
2006,5,5,5
2007,2,2,3
2008,1,8,8
2009,8,8,8
2010,6,6,6
2011,4,7,7
2012,6,6,6
2013,4,7,7
2014,6,6,6
2015,7,7,7
2016,0,0,0
2017,5,5,5
2018,8,2,2
2019,2,2,2
2020,1,1,1
2021,6,6,6
2022,7,7,7
2023,0,4,4
2024,5,5,5
2025,8,3,3
2026,2,2,2
2027,1,1,1
2028,6,6,6
2029,7,7,7
2030,0,0,0
2031,5,5,5
2032,3,3,3
2033,6,6,6
2034,7,7,7
2035,0,0,0
2036,5,5,5
2037,8,3,3
2038,2,2,2
2039,1,1,1
2040,7,7,7
2041,0,0,0
2042,5,5,5
2043,3,2,3
2044,6,6,6
2045,7,7,7
2046,0,0,0
2047,5,5,5
2048,3,3,3
2049,6,6,6
2050,4,7,7
2051,6,6,6
2052,7,7,7
2053,3,0,0
2054,6,6,6
2055,7,7,7
2056,4,0,0
2057,6,6,6
2058,4,7,7
2059,6,6,6
2060,7,7,7
2061,0,0,0
2062,5,5,5
2063,3,3,3
2064,6,6,6
2065,7,7,7
2066,0,0,0
2067,5,5,5
2068,2,3,3
2069,8,8,8
2070,1,1,1
2071,6,6,6
2072,4,7,7
2073,6,6,6
2074,7,7,7
2075,0,0,0
2076,5,5,5
2077,3,2,3
2078,6,6,6
2079,7,7,7
2080,0,0,0
2081,5,5,5
2082,8,3,3
2083,2,2,2
2084,1,1,1
2085,6,6,6
2086,7,7,7
2087,0,0,0
2088,5,5,5
2089,2,3,3
2090,1,8,8
2091,8,8,8
2092,6,6,6
2093,7,7,7
2094,0,0,0
2095,5,5,5
2096,2,3,3
2097,1,8,8
2098,8,8,8
2099,6,6,6
2100,4,7,7
2101,6,6,6
2102,4,7,7
2103,6,6,6
2104,7,7,7
2105,0,0,0
2106,5,5,5
2107,8,3,3
2108,2,2,2
2109,1,1,1
2110,6,6,6
2111,4,7,7
2112,6,6,6
2113,4,7,7
2114,6,6,6
2115,4,7,7
2116,6,6,6
2117,4,7,7
2118,6,6,6
2119,7,7,7
2120,3,3,4
2121,6,6,6
2122,4,7,7
2123,6,6,6
2124,4,7,7
2125,6,6,6
2126,7,7,7
2127,0,0,0
2128,5,5,5
2129,4,3,3
2130,6,6,6
2131,7,7,7
2132,0,0,0
2133,5,5,5
2134,3,3,3
2135,6,6,6
2136,4,7,7
2137,6,6,6
2138,7,7,7
2139,4,3,4
2140,6,6,6
2141,7,7,7
2142,4,0,0
2143,6,6,6
2144,7,7,7
2145,0,0,0
2146,5,5,5
2147,2,3,3
2148,8,8,8
2149,1,1,1
2150,6,6,6
2151,4,7,7
2152,6,6,6
2153,7,7,7
2154,0,0,0
2155,5,5,5
2156,1,3,3
2157,8,2,2
2158,2,2,2
2159,6,6,6
2160,4,7,7
2161,6,6,6
2162,7,7,7
2163,0,0,0
2164,5,5,5
2165,3,3,3
2166,6,6,6
2167,7,7,7
2168,0,0,0
2169,5,5,5
2170,4,2,3
2171,6,6,6
2172,4,7,7
2173,6,6,6
2174,7,7,7
2175,0,0,0
2176,5,5,5
2177,8,3,3
2178,2,2,2
2179,1,1,1
2180,6,6,6
2181,7,7,7
2182,3,0,0
2183,6,6,6
2184,4,7,7
2185,6,6,6
2186,7,7,7
2187,4,0,0
2188,6,6,6
2189,4,7,7
2190,6,6,6
2191,4,7,7
2192,6,6,6
2193,4,7,7
2194,6,6,6
2195,4,7,7
2196,6,6,6
2197,7,7,7
2198,3,0,0
2199,6,6,6
2200,4,7,7
2201,6,6,6
2202,4,7,7
2203,6,6,6
2204,7,7,7
2205,4,0,0
2206,6,6,6
2207,4,7,7
2208,6,6,6
2209,4,7,7
2210,6,6,6
2211,7,7,7
2212,3,0,0
2213,6,6,6
2214,7,7,7
2215,4,0,0
2216,6,6,6
2217,7,7,7
2218,3,3,4
2219,6,6,6
2220,4,7,7
2221,6,6,6
2222,7,7,7
2223,3,3,4
2224,6,6,6
2225,4,7,7
2226,6,6,6
2227,4,7,7
2228,6,6,6
2229,7,7,7
2230,0,0,0
2231,5,5,5
2232,3,3,3
2233,6,6,6
2234,4,7,7
2235,6,6,6
2236,4,7,7
2237,6,6,6
2238,7,7,7
2239,4,0,4
2240,6,6,6
2241,4,7,7
2242,6,6,6
2243,4,7,7
2244,6,6,6
2245,7,7,7
2246,3,0,0
2247,6,6,6
2248,7,7,7
2249,4,0,0
2250,6,6,6
2251,4,7,7
2252,6,6,6
2253,7,7,7
2254,0,0,0
2255,5,5,5
2256,8,3,3
2257,2,2,2
2258,1,1,1
2259,6,6,6
2260,7,7,7
2261,0,0,0
2262,5,5,5
2263,3,3,3
2264,6,6,6
2265,7,7,7
2266,0,0,0
2267,5,5,5
2268,2,3,3
2269,1,8,1
2270,8,8,8
2271,6,6,6
2272,4,7,7
2273,6,6,6
2274,4,7,7
2275,6,6,6
2276,4,7,7
2277,6,6,6
2278,4,7,7
2279,6,6,6
2280,4,7,7
2281,6,6,6
2282,7,7,7
2283,3,0,0
2284,6,6,6
2285,7,7,7
2286,4,0,0
2287,6,6,6
2288,7,7,7
2289,3,0,0
2290,6,6,6
2291,4,7,7
2292,6,6,6
2293,7,7,7
2294,0,0,0
2295,5,5,5
2296,2,3,3
2297,8,1,1
2298,1,1,1
2299,6,6,6
2300,4,7,7
2301,6,6,6
2302,7,7,7
2303,0,0,0
2304,5,5,5
2305,3,3,3
2306,6,6,6
2307,4,7,7
2308,6,6,6
2309,4,7,7
2310,6,6,6
2311,7,7,7
2312,0,0,4
2313,5,5,5
2314,3,3,3
2315,6,6,6
2316,7,7,7
2317,0,0,0
2318,5,5,5
2319,3,3,3
2320,6,6,6
2321,4,7,7
2322,6,6,6
2323,7,7,7
2324,0,0,3
2325,5,5,5
2326,3,3,3
2327,6,6,6
2328,4,7,7
2329,6,6,6
2330,7,7,7
2331,3,0,3
2332,6,6,6
2333,4,7,7
2334,6,6,6
2335,4,7,7
2336,6,6,6
2337,4,7,7
2338,6,6,6
2339,4,7,7
2340,6,6,6
2341,4,7,7
2342,6,6,6
2343,4,7,7
2344,6,6,6
2345,4,7,7
2346,6,6,6
2347,7,7,7
2348,4,0,4
2349,6,6,6
2350,7,7,7
2351,0,0,0
2352,5,5,5
2353,2,3,3
2354,8,8,8
2355,1,1,1
2356,6,6,6
2357,7,7,7
2358,0,0,0
2359,5,5,5
2360,1,3,3
2361,8,2,2
2362,2,2,2
2363,6,6,6
2364,7,7,7
2365,4,0,0
2366,6,6,6
2367,7,7,7
2368,4,0,0
2369,6,6,6
2370,7,7,7
2371,0,0,0
2372,5,5,5
2373,1,3,3
2374,8,2,2
2375,2,2,2
2376,6,6,6
2377,4,7,7
2378,6,6,6
2379,7,7,7
2380,0,0,0
2381,5,5,5
2382,2,3,3
2383,8,8,8
2384,1,1,1
2385,6,6,6
2386,7,7,7
2387,4,0,0
2388,6,6,6
2389,7,7,7
2390,0,0,0
2391,5,5,5
2392,3,2,2
2393,6,6,6
2394,4,7,7
2395,6,6,6
2396,4,7,7
2397,6,6,6
2398,7,7,7
2399,0,0,0
2400,5,5,5
2401,8,3,3
2402,2,2,2
2403,1,1,1
2404,6,6,6
2405,7,7,7
2406,0,0,0
2407,5,5,5
2408,3,3,3
2409,6,6,6
2410,7,7,7
2411,0,0,0
2412,5,5,5
2413,1,3,3
2414,8,2,2
2415,2,2,2
2416,6,6,6
2417,7,7,7
2418,0,0,0
2419,5,5,5
2420,1,3,3
2421,2,2,2
2422,8,8,8
2423,6,6,6
2424,7,7,7
2425,0,0,0
2426,5,5,5
2427,2,3,3
2428,8,1,1
2429,1,1,1
2430,6,6,6
2431,4,7,7
2432,6,6,6
2433,7,7,7
2434,0,0,0
2435,5,5,5
2436,1,3,3
2437,8,2,2
2438,2,2,2
2439,6,6,6
2440,4,7,7
2441,6,6,6
2442,7,7,7
2443,4,0,0
2444,6,6,6
2445,4,7,7
2446,6,6,6
2447,7,7,7
2448,0,0,0
2449,5,5,5
2450,3,3,3
2451,6,6,6
2452,4,7,7
2453,6,6,6
2454,4,7,7
2455,6,6,6
2456,4,7,7
2457,6,6,6
2458,4,7,7
2459,6,6,6
2460,7,7,7
2461,4,0,0
2462,5,5,5
2463,3,3,3
2464,6,6,6
2465,4,7,7
2466,6,6,6
2467,4,7,7
2468,6,6,6
2469,7,7,7
2470,0,0,0
2471,5,5,5
2472,4,3,3
2473,6,6,6
2474,4,7,7
2475,6,6,6
2476,4,7,7
2477,6,6,6
2478,4,7,7
2479,6,6,6
2480,4,7,7
2481,6,6,6
2482,7,7,7
2483,0,0,0
2484,5,5,5
2485,2,3,3
2486,1,8,8
2487,8,8,8
2488,6,6,6
2489,7,7,7
2490,4,0,0
2491,6,6,6
2492,4,7,7
2493,6,6,6
2494,7,7,7
2495,4,0,0
2496,6,6,6
2497,7,7,7
2498,3,0,0
2499,6,6,6
2500,7,7,7
2501,0,0,0
2502,5,5,5
2503,3,3,3
2504,6,6,6
2505,4,7,7
2506,6,6,6
2507,7,7,7
2508,0,0,0
2509,5,5,5
2510,8,3,3
2511,2,2,2
2512,1,1,1
2513,6,6,6
2514,7,7,7
2515,0,0,0
2516,5,5,5
2517,3,3,3
2518,6,6,6
2519,4,7,7
2520,6,6,6
2521,7,7,7
2522,0,0,0
2523,5,5,5
2524,8,3,3
2525,1,2,2
2526,2,2,2
2527,6,6,6
2528,4,7,7
2529,6,6,6
2530,4,7,7
2531,6,6,6
2532,7,7,7
2533,0,0,0
2534,5,5,5
2535,2,2,2
2536,8,8,8
2537,1,1,1
2538,6,6,6
2539,7,7,7
2540,0,0,0
2541,5,5,5
2542,4,3,3
2543,6,6,6
2544,4,7,7
2545,6,6,6
2546,7,7,7
2547,0,0,0
2548,5,5,5
2549,4,3,2
2550,6,6,6
2551,4,7,7
2552,6,6,6
2553,4,7,7
2554,6,6,6
2555,4,7,7
2556,6,6,6
2557,4,7,7
2558,6,6,6
2559,7,7,7
2560,0,0,0
2561,5,5,5
2562,4,3,3
2563,6,6,6
2564,4,7,7
2565,6,6,6
2566,7,7,7
2567,0,0,0
2568,5,5,5
2569,4,3,3
2570,6,6,6
2571,7,7,7
2572,0,0,0
2573,5,5,5
2574,8,2,2
2575,2,2,2
2576,1,1,1
2577,6,6,6
2578,7,7,7
2579,0,0,0
2580,5,5,5
2581,8,3,3
2582,2,2,2
2583,1,1,1
2584,6,6,6
2585,7,7,7
2586,4,0,0
2587,6,6,6
2588,7,7,7
2589,3,0,4
2590,6,6,6
2591,7,7,7
2592,0,0,0
2593,5,5,5
2594,2,3,3
2595,8,8,8
2596,1,1,1
2597,1,1,1
2598,8,8,8
2599,6,6,6
2600,4,7,7
2601,6,6,6
2602,7,7,7
2603,4,0,4
2604,6,6,6
2605,7,7,7
2606,0,0,0
2607,5,5,5
2608,8,3,3
2609,2,2,2
2610,1,1,1
2611,6,6,6
2612,4,7,7
2613,6,6,6
2614,4,7,7
2615,6,6,6
2616,7,7,7
2617,4,0,0
2618,6,6,6
2619,7,7,7
2620,0,0,0
2621,3,5,5
2622,6,6,6
2623,7,7,7
2624,4,0,0
2625,6,6,6
2626,7,7,7
2627,0,0,0
2628,3,5,5
2629,6,6,6
2630,4,7,7
2631,6,6,6
2632,4,7,7
2633,6,6,6
2634,4,7,7
2635,6,6,6
2636,7,7,7
2637,0,3,4
2638,5,5,5
2639,3,3,3
2640,6,6,6
2641,7,7,7
2642,0,3,4
2643,5,5,5
2644,4,3,3
2645,6,6,6
2646,4,7,7
2647,6,6,6
2648,4,7,7
2649,6,6,6
2650,7,7,7
2651,4,0,0
2652,6,6,6
2653,7,7,7
2654,5,5,5
2655,2,2,2
2656,8,1,1
2657,6,6,6
2658,7,7,7
2659,0,0,0
2660,5,5,5
2661,3,3,3
2662,6,6,6
2663,7,7,7
2664,0,0,0
2665,5,5,5
2666,2,8,3
2667,8,8,8
2668,1,1,1
2669,6,6,6
2670,7,7,7
2671,3,0,0
2672,6,6,6
2673,4,7,7
2674,6,6,6
2675,7,7,7
2676,4,0,0
2677,6,6,6
2678,7,7,7
2679,0,0,0
2680,5,5,5
2681,8,3,3
2682,1,2,2
2683,2,2,2
2684,6,6,6
2685,7,7,7
2686,0,0,0
2687,5,5,5
2688,1,3,3
2689,2,2,2
2690,8,8,8
2691,6,6,6
2692,4,7,7
2693,6,6,6
2694,7,7,7
2695,0,0,0
2696,5,5,5
2697,2,3,3
2698,8,8,8
2699,1,1,1
2700,6,6,6
2701,4,7,7
2702,6,6,6
2703,7,7,7
2704,0,0,0
2705,5,5,5
2706,8,3,3
2707,1,2,2
2708,2,2,2
2709,6,6,6
2710,7,7,7
2711,0,0,0
2712,5,5,5
2713,2,3,3
2714,8,8,8
2715,1,1,1
2716,6,6,6
2717,4,7,7
2718,6,6,6
2719,4,7,7
2720,6,6,6
2721,7,7,7
2722,0,0,0
2723,5,5,5
2724,1,3,3
2725,8,2,2
2726,2,2,2
2727,6,6,6
2728,4,7,7
2729,6,6,6
2730,4,7,7
2731,6,6,6
2732,7,7,7
2733,0,0,0
2734,5,5,5
2735,3,3,3
2736,6,6,6
2737,4,7,7
2738,6,6,6
2739,4,7,7
2740,6,6,6
2741,4,7,7
2742,6,6,6
2743,4,7,7
2744,6,6,6
2745,7,7,7
2746,4,0,0
2747,6,6,6
2748,7,7,7
2749,0,0,0
2750,5,5,5
2751,3,2,2
2752,6,6,6
2753,7,7,7
2754,0,0,0
2755,5,5,5
2756,3,3,3
2757,6,6,6
2758,4,7,7
2759,6,6,6
2760,7,7,7
2761,0,0,0
2762,5,5,5
2763,1,3,3
2764,8,2,2
2765,2,2,2
2766,6,6,6
2767,7,7,7
2768,4,0,0
2769,6,6,6
2770,7,7,7
2771,0,0,0
2772,4,5,5
2773,6,6,6
2774,7,7,7
2775,0,0,0
2776,5,5,5
2777,2,3,3
2778,8,8,8
2779,1,1,1
2780,6,6,6
2781,4,7,7
2782,6,6,6
2783,7,7,7
2784,0,0,0
2785,5,5,5
2786,3,3,3
2787,6,6,6
2788,4,7,7
2789,6,6,6
2790,4,7,7
2791,6,6,6
2792,4,7,7
2793,6,6,6
2794,7,7,7
2795,0,0,0
2796,5,5,5
2797,3,3,3
2798,6,6,6
2799,4,7,7
2800,6,6,6
2801,7,7,7
2802,0,0,0
2803,5,5,5
2804,2,3,3
2805,8,8,1
2806,1,1,1
2807,6,6,6
2808,7,7,7
2809,0,0,0
2810,5,5,5
2811,4,3,3
2812,6,6,6
2813,4,7,7
2814,6,6,6
2815,7,7,7
2816,0,0,0
2817,5,5,5
2818,2,3,3
2819,8,8,8
2820,1,1,1
2821,6,6,6
2822,4,7,7
2823,6,6,6
2824,7,7,7
2825,0,0,0
2826,5,5,5
2827,1,3,3
2828,8,2,2
2829,2,2,2
2830,6,6,6
2831,7,7,7
2832,0,0,0
2833,5,5,5
2834,8,3,3
2835,2,2,2
2836,1,1,1
2837,6,6,6
2838,7,7,7
2839,0,0,0
2840,5,5,5
2841,3,3,3
2842,6,6,6
2843,7,7,7
2844,0,0,0
2845,4,5,5
2846,6,6,6
2847,4,7,7
2848,6,6,6
2849,7,7,7
2850,0,0,0
2851,5,5,5
2852,3,3,3
2853,6,6,6
2854,7,7,7
2855,0,0,0
2856,5,5,5
2857,3,2,2
2858,6,6,6
2859,4,7,7
2860,6,6,6
2861,4,7,7
2862,6,6,6
2863,7,7,7
2864,0,0,0
2865,5,5,5
2866,4,3,3
2867,6,6,6
2868,7,7,7
2869,3,0,0
2870,6,6,6
2871,7,7,7
2872,0,0,0
2873,5,5,5
2874,3,3,3
2875,6,6,6
2876,4,7,7
2877,6,6,6
2878,3,3,3
2879,6,6,6
2880,4,7,7
2881,6,6,6
2882,4,7,7
2883,6,6,6
2884,7,7,7
2885,4,0,0
2886,6,6,6
2887,4,7,7
2888,6,6,6
2889,7,7,7
2890,3,0,0
2891,6,6,6
2892,4,7,7
2893,6,6,6
2894,4,7,7
2895,6,6,6
2896,7,7,7
2897,0,0,0
2898,5,5,5
2899,2,8,3
2900,8,8,8
2901,1,1,1
2902,6,6,6
2903,4,7,7
2904,6,6,6
2905,4,7,7
2906,6,6,6
2907,7,7,7
2908,3,0,0
2909,6,6,6
2910,4,7,7
2911,6,6,6
2912,7,7,7
2913,0,0,0
2914,5,5,5
2915,4,3,3
2916,6,6,6
2917,7,7,7
2918,0,0,0
2919,5,5,5
2920,3,3,3
2921,6,6,6
2922,4,7,7
2923,6,6,6
2924,7,7,7
2925,4,0,0
2926,6,6,6
2927,7,7,7
2928,0,0,0
2929,5,5,5
2930,4,3,3
2931,6,6,6
2932,4,7,7
2933,6,6,6
2934,4,7,7
2935,6,6,6
2936,4,7,7
2937,6,6,6
2938,7,7,7
2939,3,0,0
2940,6,6,6
2941,4,7,7
2942,6,6,6
2943,7,7,7
2944,0,0,0
2945,5,5,5
2946,4,3,3
2947,6,6,6
2948,4,7,7
2949,6,6,6
2950,4,7,7
2951,6,6,6
2952,4,7,7
2953,6,6,6
2954,7,7,7
2955,0,0,0
2956,5,5,5
2957,1,3,3
2958,8,2,2
2959,2,2,2
2960,6,6,6
2961,4,7,7
2962,6,6,6
2963,4,7,7
2964,6,6,6
2965,7,7,7
2966,0,0,0
2967,5,5,5
2968,3,3,3
2969,6,6,6
2970,7,7,7
2971,0,0,0
2972,5,5,5
2973,4,3,3
2974,6,6,6
2975,4,7,7
2976,6,6,6
2977,4,7,7
2978,6,6,6
2979,7,7,7
2980,0,0,0
2981,5,5,5
2982,3,3,3
2983,6,6,6
2984,4,7,7
2985,6,6,6
2986,7,7,7
2987,3,0,0
2988,6,6,6
2989,7,7,7
2990,3,0,0
2991,6,6,6
2992,4,7,7
2993,6,6,6
2994,4,7,7
2995,6,6,6
2996,4,7,7
2997,6,6,6
2998,4,7,7
2999,6,6,6
3000,4,7,7
3001,6,6,6
3002,7,7,7
3003,0,0,0
3004,5,5,5
3005,8,1,3
3006,2,2,2
3007,1,1,1
3008,6,6,6
3009,4,7,7
3010,6,6,6
3011,4,7,7
3012,6,6,6
3013,7,7,7
3014,4,0,0
3015,6,6,6
3016,7,7,7
3017,0,0,0
3018,5,5,5
3019,2,3,3
3020,8,8,8
3021,1,1,1
3022,6,6,6
3023,7,7,7
3024,0,0,0
3025,5,5,5
3026,2,3,3
3027,8,8,8
3028,1,1,1
3029,6,6,6
3030,4,7,7
3031,6,6,6
3032,4,7,7
3033,6,6,6
3034,7,7,7
3035,3,0,0
3036,6,6,6
3037,4,7,7
3038,6,6,6
3039,7,7,7
3040,0,0,0
3041,5,5,5
3042,3,3,3
3043,6,6,6
3044,7,7,7
3045,4,0,0
3046,6,6,6
3047,4,7,7
3048,6,6,6
3049,4,7,7
3050,6,6,6
3051,4,7,7
3052,6,6,6
3053,7,7,7
3054,4,0,0
3055,6,6,6
3056,4,7,7
3057,6,6,6
3058,4,7,7
3059,6,6,6
3060,7,7,7
3061,0,0,0
3062,5,5,5
3063,3,3,3
3064,5,5,5
3065,6,6,6
3066,4,7,7
3067,6,6,6
3068,7,7,7
3069,0,0,0
3070,5,5,5
3071,1,3,3
3072,2,2,2
3073,8,8,8
3074,7,7,7
3075,0,0,0
3076,5,5,5
3077,3,3,3
3078,6,6,6
3079,4,7,7
3080,6,6,6
3081,7,7,7
3082,4,0,0
3083,6,6,6
3084,7,7,7
3085,3,0,0
3086,6,6,6
3087,4,7,7
3088,6,6,6
3089,7,7,7
3090,4,0,0
3091,6,6,6
3092,4,7,7
3093,6,6,6
3094,7,7,7
3095,3,0,0
3096,6,6,6
3097,7,7,7
3098,0,0,0
3099,5,5,5
3100,1,3,3
3101,2,2,2
3102,8,8,8
3103,6,6,6
3104,7,7,7
3105,0,0,0
3106,5,5,5
3107,4,3,3
3108,6,6,6
3109,7,7,7
3110,3,0,0
3111,6,6,6
3112,7,7,7
3113,3,0,0
3114,6,6,6
3115,7,7,7
3116,0,0,0
3117,5,5,5
3118,3,3,3
3119,6,6,6
3120,7,7,7
3121,0,0,0
3122,5,5,5
3123,8,3,3
3124,2,2,2
3125,1,1,1
3126,6,6,6
3127,7,7,7
3128,0,0,0
3129,5,5,5
3130,2,2,3
3131,8,8,8
3132,1,1,1
3133,6,6,6
3134,4,7,7
3135,6,6,6
3136,4,7,7
3137,6,6,6
3138,7,7,7
3139,3,0,0
3140,6,6,6
3141,4,7,7
3142,6,6,6
3143,7,7,7
3144,0,0,0
3145,5,5,5
3146,1,3,3
3147,2,2,2
3148,8,8,8
3149,6,6,6
3150,4,7,7
3151,6,6,6
3152,7,7,7
3153,0,0,0
3154,5,5,5
3155,3,3,3
3156,6,6,6
3157,4,7,7
3158,6,6,6
3159,4,7,7
3160,6,6,6
3161,7,7,7
3162,3,0,0
3163,6,6,6
3164,7,7,7
3165,3,0,0
3166,6,6,6
3167,7,7,7
3168,0,0,0
3169,5,5,5
3170,3,3,3
3171,6,6,6
3172,4,7,7
3173,6,6,6
3174,4,7,7
3175,4,0,0
3176,6,6,6
3177,4,7,7
3178,6,6,6
3179,7,7,7
3180,3,0,0
3181,6,6,6
3182,7,7,7
3183,0,0,0
3184,5,5,5
3185,4,3,3
3186,6,6,6
3187,4,7,7
3188,6,6,6
3189,4,7,7
3190,6,6,6
3191,4,7,7
3192,6,6,6
3193,7,7,7
3194,0,0,0
3195,5,5,5
3196,3,3,3
3197,6,6,6
3198,7,7,7
3199,4,0,0
3200,6,6,6
3201,4,7,7
3202,6,6,6
3203,7,7,7
3204,4,0,0
3205,6,6,6
3206,4,7,7
3207,6,6,6
3208,7,7,7
3209,4,0,0
3210,6,6,6
3211,7,7,7
3212,0,0,0
3213,5,5,5
3214,1,3,3
3215,2,2,2
3216,8,8,8
3217,6,6,6
3218,4,7,7
3219,6,6,6
3220,4,7,7
3221,6,6,6
3222,7,7,7
3223,0,0,0
3224,5,5,5
3225,8,1,3
3226,1,2,2
3227,2,2,2
3228,6,6,6
3229,4,7,7
3230,6,6,6
3231,7,7,7
3232,0,0,0
3233,5,5,5
3234,2,3,3
3235,1,8,8
3236,8,8,8
3237,6,6,6
3238,7,7,7
3239,0,0,0
3240,5,5,5
3241,1,2,2
3242,8,2,2
3243,2,2,2
3244,6,6,6
3245,7,7,7
3246,4,4,4
3247,6,6,6
3248,7,7,7
3249,0,4,4
3250,5,5,5
3251,1,3,3
3252,2,2,2
3253,8,8,8
3254,6,6,6
3255,7,7,7
3256,3,4,3
3257,6,6,6
3258,7,7,7
3259,0,4,4
3260,5,5,5
3261,3,3,3
3262,7,7,7
3263,0,0,0
3264,5,5,5
3265,1,3,3
3266,8,2,2
3267,2,2,2
3268,6,6,6
3269,7,7,7
3270,0,0,0
3271,5,5,5
3272,2,3,3
3273,1,8,8
3274,8,8,8
3275,6,6,6
3276,4,7,7
3277,6,6,6
3278,4,7,7
3279,6,6,6
3280,7,7,7
3281,0,0,0
3282,4,5,5
3283,6,6,6
3284,7,7,7
3285,0,0,0
3286,5,5,5
3287,3,3,3
3288,6,6,6
3289,4,7,7
3290,6,6,6
3291,7,7,7
3292,0,0,4
3293,5,5,5
3294,1,3,3
3295,2,2,2
3296,8,8,8
3297,6,6,6
3298,7,7,7
3299,3,0,0
3300,6,6,6
3301,4,7,7
3302,6,6,6
3303,4,7,7
3304,6,6,6
3305,4,7,7
3306,6,6,6
3307,4,7,7
3308,6,6,6
3309,4,7,7
3310,6,6,6
3311,4,7,7
3312,6,6,6
3313,4,7,7
3314,6,6,6
3315,4,7,7
3316,6,6,6
3317,4,7,7
3318,6,6,6
3319,7,7,7
3320,0,0,0
3321,5,5,5
3322,3,3,3
3323,6,6,6
3324,4,7,7
3325,6,6,6
3326,7,7,7
3327,4,0,0
3328,6,6,6
3329,7,7,7
3330,0,0,0
3331,5,5,5
3332,8,3,3
3333,2,2,2
3334,1,1,1
3335,6,6,6
3336,4,7,7
3337,6,6,6
3338,7,7,7
3339,0,0,0
3340,5,5,5
3341,3,3,3
3342,6,6,6
3343,4,7,7
3344,6,6,6
3345,7,7,7
3346,0,0,0
3347,4,5,5
3348,6,6,6
3349,7,7,7
3350,0,0,0
3351,5,5,5
3352,4,3,3
3353,6,6,6
3354,4,7,7
3355,6,6,6
3356,7,7,7
3357,0,0,0
3358,5,5,5
3359,8,3,3
3360,1,2,2
3361,2,2,2
3362,6,6,6
3363,4,7,7
3364,6,6,6
3365,4,7,7
3366,6,6,6
3367,7,7,7
3368,0,0,0
3369,5,5,5
3370,4,3,3
3371,6,6,6
3372,7,7,7
3373,0,0,0
3374,5,5,5
3375,3,3,3
3376,6,6,6
3377,4,7,7
3378,6,6,6
3379,7,7,7
3380,4,0,0
3381,6,6,6
3382,7,7,7
3383,0,0,0
3384,5,5,5
3385,8,2,3
3386,2,2,2
3387,1,1,1
3388,6,6,6
3389,7,7,7
3390,0,0,0
3391,5,5,5
3392,3,3,3
3393,6,6,6
3394,7,7,7
3395,0,0,0
3396,5,5,5
3397,1,2,3
3398,2,2,2
3399,8,8,8
3400,6,6,6
3401,4,7,7
3402,6,6,6
3403,7,7,7
3404,0,0,0
3405,5,5,5
3406,4,3,3
3407,6,6,6
3408,4,7,7
3409,6,6,6
3410,4,7,7
3411,6,6,6
3412,4,7,7
3413,6,6,6
3414,4,7,7
3415,6,6,6
3416,7,7,7
3417,0,0,0
3418,5,5,5
3419,3,3,3
3420,6,6,6
3421,7,7,7
3422,0,0,0
3423,5,5,5
3424,3,3,3
3425,6,6,6
3426,4,7,7
3427,6,6,6
3428,4,7,7
3429,6,6,6
3430,7,7,7
3431,0,0,0
3432,5,5,5
3433,3,3,3
3434,6,6,6
3435,7,7,7
3436,3,0,0
3437,6,6,6
3438,7,7,7
3439,0,0,0
3440,5,5,5
3441,4,3,3
3442,6,6,6
3443,4,7,7
3444,6,6,6
3445,7,7,7
3446,0,0,0
3447,5,5,5
3448,3,3,3
3449,6,6,6
3450,7,7,7
3451,3,0,4
3452,6,6,6
3453,7,7,7
3454,0,0,0
3455,5,5,5
3456,3,2,3
3457,6,6,6
3458,4,7,7
3459,6,6,6
3460,4,7,7
3461,6,6,6
3462,7,7,7
3463,3,0,0
3464,6,6,6
3465,7,7,7
3466,0,0,0
3467,5,5,5
3468,2,3,3
3469,1,1,1
3470,8,8,8
3471,6,6,6
3472,4,7,7
3473,6,6,6
3474,4,7,7
3475,6,6,6
3476,7,7,7
3477,0,0,0
3478,5,5,5
3479,1,3,3
3480,2,2,2
3481,8,8,8
3482,6,6,6
3483,7,7,7
3484,0,0,0
3485,5,5,5
3486,3,3,3
3487,6,6,6
3488,4,7,7
3489,6,6,6
3490,4,7,7
3491,6,6,6
3492,7,7,7
3493,4,0,0
3494,6,6,6
3495,7,7,7
3496,0,0,0
3497,5,5,5
3498,3,3,3
3499,6,6,6
3500,4,7,7
3501,6,6,6
3502,7,7,7
3503,4,0,0
3504,6,6,6
3505,7,7,7
3506,0,0,0
3507,5,5,5
3508,3,3,3
3509,6,6,6
3510,7,7,7
3511,0,0,0
3512,5,5,5
3513,1,3,3
3514,2,2,2
3515,8,8,8
3516,6,6,6
3517,7,7,7
3518,0,0,0
3519,5,5,5
3520,3,3,3
3521,6,6,6
3522,4,7,7
3523,6,6,6
3524,7,7,7
3525,0,0,0
3526,5,5,5
3527,3,3,3
3528,6,6,6
3529,7,7,7
3530,0,0,0
3531,5,5,5
3532,2,3,3
3533,1,8,8
3534,8,8,8
3535,6,6,6
3536,4,7,7
3537,6,6,6
3538,7,7,7
3539,0,0,0
3540,5,5,5
3541,8,3,3
3542,1,2,2
3543,2,2,2
3544,6,6,6
3545,7,7,7
3546,3,0,0
3547,6,6,6
3548,7,7,7
3549,0,0,0
3550,5,5,5
3551,3,3,3
3552,6,6,6
3553,7,7,7
3554,0,0,0
3555,5,5,5
3556,3,3,3
3557,6,6,6
3558,7,7,7
3559,0,0,0
3560,5,5,5
3561,3,3,3
3562,6,6,6
3563,7,7,7
3564,0,0,0
3565,5,5,5
3566,3,3,3
3567,6,6,6
3568,7,7,7
3569,4,0,0
3570,6,6,6
3571,7,7,7
3572,3,0,0
3573,6,6,6
3574,7,7,7
3575,0,0,0
3576,5,5,5
3577,2,3,3
3578,1,8,1
3579,8,8,8
3580,6,6,6
3581,4,7,7
3582,6,6,6
3583,4,7,7
3584,6,6,6
3585,4,7,7
3586,6,6,6
3587,7,7,7
3588,3,0,0
3589,6,6,6
3590,7,7,7
3591,0,0,0
3592,5,5,5
3593,3,3,3
3594,6,6,6
3595,4,7,7
3596,6,6,6
3597,7,7,7
3598,0,0,0
3599,5,5,5
3600,1,3,3
3601,2,2,2
3602,8,8,8
3603,6,6,6
3604,4,7,7
3605,6,6,6
3606,7,7,7
3607,4,0,0
3608,6,6,6
3609,4,7,7
3610,6,6,6
3611,4,7,7
3612,6,6,6
3613,4,7,7
3614,6,6,6
3615,4,7,7
3616,6,6,6
3617,7,7,7
3618,3,0,0
3619,6,6,6
3620,7,7,7
3621,0,0,0
3622,5,5,5
3623,3,3,3
3624,6,6,6
3625,7,7,7
3626,4,0,0
3627,6,6,6
3628,7,7,7
3629,0,0,0
3630,5,5,5
3631,4,3,3
3632,6,6,6
3633,7,7,7
3634,0,0,0
3635,5,5,5
3636,3,3,3
3637,6,6,6
3638,7,7,7
3639,0,0,0
3640,5,5,5
3641,3,3,3
3642,6,6,6
3643,4,7,7
3644,6,6,6
3645,4,7,7
3646,6,6,6
3647,7,7,7
3648,0,0,0
3649,5,5,5
3650,3,3,3
3651,6,6,6
3652,4,7,7
3653,6,6,6
3654,7,7,7
3655,0,0,0
3656,5,5,5
3657,2,3,3
3658,8,8,1
3659,1,1,1
3660,6,6,6
3661,7,7,7
3662,4,0,0
3663,6,6,6
3664,7,7,7
3665,0,0,0
3666,5,5,5
3667,4,3,3
3668,6,6,6
3669,7,7,7
3670,4,0,0
3671,6,6,6
3672,4,7,7
3673,6,6,6
3674,4,7,7
3675,6,6,6
3676,4,7,7
3677,6,6,6
3678,4,7,7
3679,6,6,6
3680,7,7,7
3681,3,0,0
3682,6,6,6
3683,7,7,7
3684,0,0,4
3685,5,5,5
3686,3,3,3
3687,6,6,6
3688,7,7,7
3689,3,0,0
3690,6,6,6
3691,4,7,7
3692,6,6,6
3693,7,7,7
3694,3,0,0
3695,6,6,6
3696,4,7,7
3697,6,6,6
3698,7,7,7
3699,3,0,0
3700,6,6,6
3701,7,7,7
3702,0,0,0
3703,5,5,5
3704,2,3,3
3705,8,8,8
3706,1,1,1
3707,6,6,6
3708,7,7,7
3709,0,0,0
3710,5,5,5
3711,8,3,3
3712,2,2,2
3713,1,1,1
3714,6,6,6
3715,7,7,7
3716,4,0,0
3717,6,6,6
3718,4,7,7
3719,6,6,6
3720,7,7,7
3721,4,0,0
3722,6,6,6
3723,4,7,7
3724,6,6,6
3725,7,7,7
3726,4,0,4
3727,6,6,6
3728,7,7,7
3729,0,0,0
3730,5,5,5
3731,2,3,3
3732,1,8,8
3733,8,8,8
3734,6,6,6
3735,4,7,7
3736,6,6,6
3737,4,7,7
3738,6,6,6
3739,4,7,7
3740,6,6,6
3741,7,7,7
3742,0,0,0
3743,5,5,5
3744,8,3,3
3745,1,2,2
3746,2,2,2
3747,6,6,6
3748,7,7,7
3749,3,0,0
3750,6,6,6
3751,4,7,7
3752,6,6,6
3753,7,7,7
3754,0,0,0
3755,5,5,5
3756,2,3,3
3757,8,8,8
3758,1,1,1
3759,6,6,6
3760,4,7,7
3761,6,6,6
3762,7,7,7
3763,0,0,0
3764,5,5,5
3765,2,3,3
3766,8,1,1
3767,1,1,1
3768,6,6,6
3769,7,7,7
3770,0,0,0
3771,5,5,5
3772,8,3,3
3773,2,2,2
3774,1,1,1
3775,6,6,6
3776,7,7,7
3777,0,0,0
3778,5,5,5
3779,4,3,2
3780,6,6,6
3781,4,7,7
3782,6,6,6
3783,4,7,7
3784,6,6,6
3785,7,7,7
3786,0,0,0
3787,5,5,5
3788,8,3,3
3789,1,2,2
3790,2,2,2
3791,6,6,6
3792,7,7,7
3793,0,0,0
3794,5,5,5
3795,3,3,3
3796,6,6,6
3797,7,7,7
3798,0,0,0
3799,5,5,5
3800,3,3,3
3801,6,6,6
3802,7,7,7
3803,0,0,0
3804,5,5,5
3805,3,3,3
3806,6,6,6
3807,4,7,7
3808,6,6,6
3809,4,7,7
3810,6,6,6
3811,7,7,7
3812,3,0,0
3813,6,6,6
3814,7,7,7
3815,0,0,0
3816,5,5,5
3817,8,3,3
3818,1,2,2
3819,2,2,2
3820,6,6,6
3821,7,7,7
3822,0,0,0
3823,5,5,5
3824,8,3,3
3825,2,2,2
3826,1,1,1
3827,6,6,6
3828,7,7,7
3829,0,0,0
3830,5,5,5
3831,4,2,3
3832,6,6,6
3833,4,7,7
3834,6,6,6
3835,4,7,7
3836,6,6,6
3837,4,7,7
3838,6,6,6
3839,7,7,7
3840,0,0,0
3841,5,5,5
3842,4,2,2
3843,6,6,6
3844,4,7,7
3845,6,6,6
3846,4,7,7
3847,6,6,6
3848,7,7,7
3849,3,0,0
3850,6,6,6
3851,7,7,7
3852,3,0,0
3853,6,6,6
3854,7,7,7
3855,0,0,0
3856,5,5,5
3857,8,3,3
3858,2,2,2
3859,1,1,1
3860,6,6,6
3861,7,7,7
3862,0,0,0
3863,5,5,5
3864,3,3,3
3865,6,6,6
3866,7,7,7
3867,0,0,4
3868,5,5,5
3869,3,3,3
3870,6,6,6
3871,7,7,7
3872,0,0,0
3873,5,5,5
3874,4,3,3
3875,6,6,6
3876,7,7,7
3877,0,0,4
3878,3,5,5
3879,6,6,6
3880,7,7,7
3881,4,0,0
3882,6,6,6
3883,4,7,7
3884,6,6,6
3885,7,7,7
3886,4,4,4
3887,6,6,6
3888,4,7,7
3889,6,6,6
3890,7,7,7
3891,0,0,0
3892,5,5,5
3893,3,3,3
3894,6,6,6
3895,7,7,7
3896,4,0,4
3897,6,6,6
3898,7,7,7
3899,3,0,0
3900,6,6,6
3901,4,7,7
3902,6,6,6
3903,4,7,7
3904,6,6,6
3905,7,7,7
3906,0,0,0
3907,5,5,5
3908,8,3,3
3909,2,2,2
3910,1,1,1
3911,6,6,6
3912,4,7,7
3913,6,6,6
3914,4,7,7
3915,6,6,6
3916,4,7,7
3917,6,6,6
3918,7,7,7
3919,0,0,0
3920,5,5,5
3921,3,3,3
3922,6,6,6
3923,7,7,7
3924,0,0,0
3925,5,5,5
3926,3,3,3
3927,6,6,6
3928,4,7,7
3929,6,6,6
3930,7,7,7
3931,0,0,0
3932,5,5,5
3933,4,3,3
3934,6,6,6
3935,4,7,7
3936,6,6,6
3937,7,7,7
3938,0,0,0
3939,5,5,5
3940,2,3,3
3941,8,8,8
3942,1,1,1
3943,3,3,3
3944,6,6,6
3945,7,7,7
3946,0,0,0
3947,5,5,5
3948,3,2,2
3949,6,6,6
3950,7,7,7
3951,0,0,0
3952,5,5,5
3953,3,3,3
3954,6,6,6
3955,7,7,7
3956,0,0,0
3957,5,5,5
3958,2,3,3
3959,1,8,1
3960,8,8,8
3961,6,6,6
3962,7,7,7
3963,0,0,0
3964,5,5,5
3965,2,3,3
3966,8,8,8
3967,1,1,1
3968,6,6,6
3969,4,7,7
3970,6,6,6
3971,7,7,7
3972,0,0,0
3973,5,5,5
3974,8,3,3
3975,2,2,2
3976,1,1,1
3977,6,6,6
3978,7,7,7
3979,0,0,0
3980,5,5,5
3981,3,2,2
3982,6,6,6
3983,7,7,7
3984,0,0,0
3985,5,5,5
3986,1,3,3
3987,8,2,2
3988,2,2,2
3989,6,6,6
3990,7,7,7
3991,0,0,0
3992,5,5,5
3993,3,3,3
3994,6,6,6
3995,4,7,7
3996,6,6,6
3997,4,7,7
3998,6,6,6
3999,7,7,7
4000,0,3,4
4001,5,5,5
4002,3,3,3
4003,6,6,6
4004,4,7,7
4005,6,6,6
4006,4,7,7
4007,6,6,6
4008,7,7,7
4009,4,0,0
4010,6,6,6
4011,7,7,7
4012,0,0,0
4013,5,5,5
4014,1,3,3
4015,2,2,2
4016,8,8,8
4017,6,6,6
4018,4,7,7
4019,6,6,6
4020,7,7,7
4021,0,0,0
4022,5,5,5
4023,2,3,3
4024,8,8,8
4025,1,1,1
4026,6,6,6
4027,7,7,7
4028,3,0,0
4029,6,6,6
4030,7,7,7
4031,0,0,0
4032,5,5,5
4033,2,3,3
4034,8,8,8
4035,1,1,1
4036,6,6,6
4037,4,7,7
4038,6,6,6
4039,4,7,7
4040,6,6,6
4041,4,7,7
4042,6,6,6
4043,4,7,7
4044,6,6,6
4045,4,7,7
4046,6,6,6
4047,7,7,7
4048,0,0,0
4049,5,5,5
4050,1,3,3
4051,8,2,2
4052,2,2,2
4053,6,6,6
4054,4,7,7
4055,6,6,6
4056,7,7,7
4057,0,0,0
4058,5,5,5
4059,3,3,3
4060,6,6,6
4061,7,7,7
4062,0,0,0
4063,5,5,5
4064,3,3,3
4065,6,6,6
4066,4,7,7
4067,6,6,6
4068,4,7,7
4069,6,6,6
4070,4,7,7
4071,6,6,6
4072,7,7,7
4073,0,0,0
4074,5,5,5
4075,8,3,3
4076,1,2,2
4077,2,2,2
4078,6,6,6
4079,4,7,7
4080,6,6,6
4081,7,7,7
4082,0,0,0
4083,5,5,5
4084,2,2,3
4085,1,8,8
4086,8,8,8
4087,6,6,6
4088,4,7,7
4089,6,6,6
4090,7,7,7
4091,0,0,0
4092,5,5,5
4093,3,3,3
4094,6,6,6
4095,4,7,7
4096,6,6,6
4097,7,7,7
4098,4,0,0
4099,6,6,6
4100,7,7,7
4101,4,3,0
4102,6,6,6
4103,4,7,7
4104,6,6,6
4105,7,7,7
4106,0,0,0
4107,5,5,5
4108,2,3,3
4109,1,8,8
4110,8,8,8
4111,6,6,6
4112,7,7,7
4113,4,3,0
4114,6,6,6
4115,7,7,7
4116,3,0,0
4117,6,6,6
4118,7,7,7
4119,0,0,0
4120,5,5,5
4121,3,3,3
4122,6,6,6
4123,7,7,7
4124,0,0,0
4125,5,5,5
4126,3,3,3
4127,6,6,6
4128,7,7,7
4129,0,0,0
4130,5,5,5
4131,6,6,6
4132,4,7,7
4133,6,6,6
4134,7,7,7
4135,0,0,0
4136,5,5,5
4137,3,3,3
4138,6,6,6
4139,7,7,7
4140,4,3,0
4141,6,6,6
4142,7,7,7
4143,4,0,0
4144,6,6,6
4145,4,7,7
4146,6,6,6
4147,7,7,7
4148,0,0,0
4149,5,5,5
4150,4,3,3
4151,6,6,6
4152,7,7,7
4153,0,0,0
4154,5,5,5
4155,2,3,3
4156,1,8,1
4157,8,8,8
4158,6,6,6
4159,7,7,7
4160,0,0,0
4161,5,5,5
4162,2,3,3
4163,8,8,8
4164,1,1,1
4165,6,6,6
4166,4,7,7
4167,6,6,6
4168,7,7,7
4169,0,0,0
4170,5,5,5
4171,8,3,3
4172,1,2,2
4173,2,2,2
4174,6,6,6
4175,4,7,7
4176,6,6,6
4177,7,7,7
4178,0,0,0
4179,5,5,5
4180,4,3,3
4181,6,6,6
4182,4,7,7
4183,6,6,6
4184,4,7,7
4185,6,6,6
4186,7,7,7
4187,0,4,3
4188,5,5,5
4189,3,4,3
4190,6,6,6
4191,4,7,7
4192,6,6,6
4193,7,7,7
4194,0,0,0
4195,5,5,5
4196,2,3,3
4197,8,8,8
4198,1,1,1
4199,6,6,6
4200,7,7,7
4201,4,0,0
4202,6,6,6
4203,4,7,7
4204,6,6,6
4205,4,7,7
4206,6,6,6
4207,4,7,7
4208,6,6,6
4209,7,7,7
4210,0,0,0
4211,5,5,5
4212,3,3,3
4213,6,6,6
4214,7,7,7
4215,4,4,4
4216,6,6,6
4217,7,7,7
4218,3,4,4
4219,6,6,6
4220,7,7,7
4221,0,0,0
4222,5,5,5
4223,1,3,3
4224,2,2,2
4225,8,8,8
4226,7,7,7
4227,0,0,0
4228,5,5,5
4229,4,3,3
4230,6,6,6
4231,4,7,7
4232,6,6,6
4233,7,7,7
4234,0,0,0
4235,5,5,5
4236,4,3,3
4237,6,6,6
4238,4,7,7
4239,6,6,6
4240,7,7,7
4241,0,0,0
4242,5,5,5
4243,4,3,3
4244,6,6,6
4245,4,7,7
4246,6,6,6
4247,4,7,7
4248,6,6,6
4249,7,7,7
4250,3,0,0
4251,6,6,6
4252,7,7,7
4253,0,0,0
4254,5,5,5
4255,4,3,3
4256,6,6,6
4257,7,7,7
4258,3,4,4
4259,6,6,6
4260,7,7,7
4261,0,0,0
4262,5,5,5
4263,4,3,3
4264,6,6,6
4265,7,7,7
4266,0,0,0
4267,5,5,5
4268,3,3,2
4269,6,6,6
4270,4,7,7
4271,6,6,6
4272,4,7,7
4273,6,6,6
4274,4,7,7
4275,6,6,6
4276,4,7,7
4277,6,6,6
4278,4,7,7
4279,6,6,6
4280,4,7,7
4281,6,6,6
4282,4,7,7
4283,6,6,6
4284,4,7,7
4285,6,6,6
4286,4,7,7
4287,6,6,6
4288,4,7,7
4289,6,6,6
4290,7,7,7
4291,0,0,0
4292,5,5,5
4293,3,3,3
4294,6,6,6
4295,7,7,7
4296,4,0,0
4297,6,6,6
4298,7,7,7
4299,0,0,0
4300,5,5,5
4301,3,3,3
4302,6,6,6
4303,7,7,7
4304,0,0,0
4305,5,5,5
4306,4,3,3
4307,6,6,6
4308,7,7,7
4309,0,0,0
4310,5,5,5
4311,4,3,3
4312,6,6,6
4313,7,7,7
4314,0,0,0
4315,5,5,5
4316,8,3,3
4317,1,2,2
4318,2,2,2
4319,6,6,6
4320,7,7,7
4321,0,0,0
4322,5,5,5
4323,3,3,3
4324,6,6,6
4325,4,7,7
4326,6,6,6
4327,4,7,7
4328,6,6,6
4329,4,7,7
4330,6,6,6
4331,7,7,7
4332,4,0,0
4333,6,6,6
4334,7,7,7
4335,4,0,0
4336,6,6,6
4337,4,7,7
4338,6,6,6
4339,7,7,7
4340,0,0,0
4341,5,5,5
4342,8,3,3
4343,2,2,2
4344,1,1,1
4345,6,6,6
4346,7,7,7
4347,0,0,0
4348,5,5,5
4349,3,3,3
4350,6,6,6
4351,7,7,7
4352,0,0,0
4353,5,5,5
4354,3,3,3
4355,6,6,6
4356,7,7,7
4357,0,3,0
4358,5,5,5
4359,2,3,3
4360,1,8,8
4361,8,8,8
4362,6,6,6
4363,4,7,7
4364,6,6,6
4365,7,7,7
4366,3,0,0
4367,6,6,6
4368,7,7,7
4369,3,0,0
4370,6,6,6
4371,7,7,7
4372,4,0,0
4373,6,6,6
4374,4,7,7
4375,6,6,6
4376,4,7,7
4377,6,6,6
4378,4,7,7
4379,6,6,6
4380,4,7,7
4381,6,6,6
4382,7,7,7
4383,0,0,0
4384,5,5,5
4385,2,2,3
4386,1,8,8
4387,8,8,8
4388,6,6,6
4389,7,7,7
4390,4,0,0
4391,6,6,6
4392,4,7,7
4393,6,6,6
4394,4,7,7
4395,6,6,6
4396,7,7,7
4397,0,0,0
4398,5,5,5
4399,2,3,3
4400,1,8,8
4401,8,8,8
4402,6,6,6
4403,7,7,7
4404,3,0,0
4405,6,6,6
4406,7,7,7
4407,0,0,0
4408,5,5,5
4409,8,3,3
4410,2,2,2
4411,1,1,1
4412,6,6,6
4413,7,7,7
4414,0,0,0
4415,5,5,5
4416,8,3,3
4417,2,2,2
4418,1,1,1
4419,6,6,6
4420,7,7,7
4421,3,0,0
4422,6,6,6
4423,4,7,7
4424,6,6,6
4425,4,7,7
4426,6,6,6
4427,7,7,7
4428,0,0,0
4429,5,5,5
4430,3,3,3
4431,6,6,6
4432,4,7,7
4433,6,6,6
4434,7,7,7
4435,4,4,4
4436,6,6,6
4437,4,7,7
4438,6,6,6
4439,7,7,7
4440,3,4,4
4441,6,6,6
4442,7,7,7
4443,0,0,0
4444,5,5,5
4445,3,3,3
4446,6,6,6
4447,7,7,7
4448,3,0,0
4449,6,6,6
4450,4,7,7
4451,6,6,6
4452,7,7,7
4453,0,0,0
4454,5,5,5
4455,1,3,3
4456,2,2,2
4457,8,8,8
4458,6,6,6
4459,7,7,7
4460,0,0,0
4461,5,5,5
4462,2,1,1
4463,8,1,1
4464,1,1,1
4465,6,6,6
4466,7,7,7
4467,0,0,0
4468,5,5,5
4469,3,3,3
4470,6,6,6
4471,4,7,7
4472,6,6,6
4473,7,7,7
4474,0,0,0
4475,5,5,5
4476,8,3,3
4477,2,2,2
4478,1,1,1
4479,6,6,6
4480,7,7,7
4481,0,0,0
4482,5,5,5
4483,3,3,3
4484,6,6,6
4485,4,7,7
4486,6,6,6
4487,4,7,7
4488,6,6,6
4489,4,7,7
4490,6,6,6
4491,7,7,7
4492,0,0,0
4493,5,5,5
4494,1,3,3
4495,8,2,2
4496,2,2,2
4497,6,6,6
4498,7,7,7
4499,4,0,0
4500,6,6,6
4501,7,7,7
4502,0,0,0
4503,5,5,5
4504,8,3,3
4505,2,2,2
4506,1,1,1
4507,6,6,6
4508,7,7,7
4509,0,0,0
4510,5,5,5
4511,2,8,3
4512,8,8,8
4513,1,1,1
4514,6,6,6
4515,7,7,7
4516,0,0,0
4517,5,5,5
4518,3,3,3
4519,6,6,6
4520,7,7,7
4521,3,0,0
4522,6,6,6
4523,7,7,7
4524,0,0,4
4525,5,5,5
4526,3,3,3
4527,6,6,6
4528,7,7,7
4529,0,0,0
4530,5,5,5
4531,3,3,3
4532,6,6,6
4533,4,7,7
4534,6,6,6
4535,7,7,7
4536,4,0,0
4537,6,6,6
4538,7,7,7
4539,4,0,0
4540,6,6,6
4541,7,7,7
4542,0,0,0
4543,5,5,5
4544,3,3,3
4545,6,6,6
4546,4,7,7
4547,6,6,6
4548,7,7,7
4549,0,0,0
4550,5,5,5
4551,2,3,3
4552,8,8,8
4553,1,1,1
4554,6,6,6
4555,7,7,7
4556,4,0,0
4557,6,6,6
4558,7,7,7
4559,0,0,0
4560,5,5,5
4561,4,3,3
4562,6,6,6
4563,4,7,7
4564,6,6,6
4565,7,7,7
4566,4,0,0
4567,6,6,6
4568,7,7,7
4569,0,0,0
4570,5,5,5
4571,4,3,3
4572,6,6,6
4573,7,7,7
4574,3,0,0
4575,6,6,6
4576,7,7,7
4577,0,0,0
4578,5,5,5
4579,3,3,3
4580,6,6,6
4581,4,7,7
4582,6,6,6
4583,4,7,7
4584,6,6,6
4585,7,7,7
4586,0,4,3
4587,5,5,5
4588,4,3,3
4589,6,6,6
4590,7,7,7
4591,0,0,0
4592,5,5,5
4593,2,3,3
4594,1,8,8
4595,8,8,8
4596,6,6,6
4597,7,7,7
4598,0,0,0
4599,5,5,5
4600,8,3,3
4601,1,2,2
4602,2,2,2
4603,6,6,6
4604,4,7,7
4605,6,6,6
4606,7,7,7
4607,0,0,0
4608,5,5,5
4609,2,3,3
4610,8,8,8
4611,1,1,1
4612,6,6,6
4613,7,7,7
4614,0,0,0
4615,5,5,5
4616,3,2,2
4617,6,6,6
4618,7,7,7
4619,3,0,0
4620,6,6,6
4621,7,7,7
4622,0,0,0
4623,5,5,5
4624,3,3,3
4625,6,6,6
4626,4,7,7
4627,6,6,6
4628,7,7,7
4629,0,0,0
4630,5,5,5
4631,3,3,3
4632,6,6,6
4633,4,7,7
4634,6,6,6
4635,7,7,7
4636,4,0,0
4637,6,6,6
4638,7,7,7
4639,0,0,0
4640,5,5,5
4641,3,3,3
4642,6,6,6
4643,7,7,7
4644,0,0,0
4645,5,5,5
4646,2,3,3
4647,8,8,8
4648,1,1,1
4649,6,6,6
4650,7,7,7
4651,0,0,0
4652,4,5,5
4653,6,6,6
4654,4,7,7
4655,6,6,6
4656,7,7,7
4657,4,0,0
4658,6,6,6
4659,7,7,7
4660,0,0,0
4661,5,5,5
4662,4,3,3
4663,6,6,6
4664,4,7,7
4665,6,6,6
4666,7,7,7
4667,0,0,0
4668,5,5,5
4669,3,4,3
4670,6,6,6
4671,7,7,7
4672,4,0,0
4673,6,6,6
4674,4,7,7
4675,6,6,6
4676,4,7,7
4677,6,6,6
4678,7,7,7
4679,4,0,0
4680,6,6,6
4681,7,7,7
4682,0,0,0
4683,5,5,5
4684,3,3,3
4685,6,6,6
4686,4,7,7
4687,6,6,6
4688,4,7,7
4689,6,6,6
4690,7,7,7
4691,0,0,0
4692,5,5,5
4693,1,3,3
4694,2,2,2
4695,8,8,8
4696,6,6,6
4697,7,7,7
4698,4,0,0
4699,6,6,6
4700,4,7,7
4701,6,6,6
4702,7,7,7
4703,0,0,0
4704,5,5,5
4705,3,3,3
4706,6,6,6
4707,7,7,7
4708,4,0,0
4709,6,6,6
4710,7,7,7
4711,0,0,0
4712,5,5,5
4713,8,3,3
4714,1,2,2
4715,2,2,2
4716,6,6,6
4717,7,7,7
4718,0,0,0
4719,5,5,5
4720,8,3,3
4721,2,2,2
4722,1,1,1
4723,6,6,6
4724,4,7,7
4725,6,6,6
4726,7,7,7
4727,0,0,0
4728,5,5,5
4729,3,3,3
4730,6,6,6
4731,7,7,7
4732,4,0,0
4733,6,6,6
4734,7,7,7
4735,0,0,0
4736,5,5,5
4737,8,3,3
4738,1,2,2
4739,2,2,2
4740,6,6,6
4741,7,7,7
4742,4,0,0
4743,6,6,6
4744,4,7,7
4745,6,6,6
4746,4,7,7
4747,6,6,6
4748,7,7,7
4749,0,0,3
4750,5,5,5
4751,4,3,3
4752,6,6,6
4753,4,7,7
4754,6,6,6
4755,7,7,7
4756,0,0,0
4757,5,5,5
4758,3,3,3
4759,6,6,6
4760,4,7,7
4761,6,6,6
4762,4,7,7
4763,6,6,6
4764,7,7,7
4765,0,0,0
4766,5,5,5
4767,2,3,3
4768,8,8,8
4769,1,1,1
4770,6,6,6
4771,7,7,7
4772,0,0,4
4773,5,5,5
4774,8,3,3
4775,2,2,2
4776,1,1,1
4777,6,6,6
4778,7,7,7
4779,0,0,0
4780,5,5,5
4781,1,3,3
4782,8,2,2
4783,2,2,2
4784,6,6,6
4785,4,7,7
4786,6,6,6
4787,4,7,7
4788,6,6,6
4789,7,7,7
4790,0,0,0
4791,3,5,5
4792,6,6,6
4793,4,7,7
4794,6,6,6
4795,7,7,7
4796,0,0,0
4797,5,5,5
4798,2,3,3
4799,8,8,8
4800,1,1,1
4801,6,6,6
4802,7,7,7
4803,3,0,0
4804,6,6,6
4805,7,7,7
4806,0,0,0
4807,5,5,5
4808,6,6,6
4809,4,7,7
4810,6,6,6
4811,4,7,7
4812,6,6,6
4813,7,7,7
4814,3,0,0
4815,6,6,6
4816,7,7,7
4817,0,0,0
4818,5,5,5
4819,1,3,3
4820,8,2,2
4821,2,2,2
4822,6,6,6
4823,7,7,7
4824,0,0,0
4825,5,5,5
4826,6,6,6
4827,4,7,7
4828,6,6,6
4829,7,7,7
4830,0,0,0
4831,5,5,5
4832,2,3,3
4833,1,8,1
4834,8,8,8
4835,6,6,6
4836,7,7,7
4837,6,6,6
4838,7,7,7
4839,4,0,0
4840,6,6,6
4841,7,7,7
4842,6,6,6
4843,4,7,7
4844,6,6,6
4845,4,7,7
4846,6,6,6
4847,7,7,7
4848,3,0,0
4849,6,6,6
4850,7,7,7
4851,4,0,0
4852,6,6,6
4853,7,7,7
4854,0,0,0
4855,5,5,5
4856,2,3,3
4857,1,8,8
4858,8,8,8
4859,6,6,6
4860,7,7,7
4861,3,0,0
4862,6,6,6
4863,4,7,7
4864,6,6,6
4865,7,7,7
4866,0,0,0
4867,5,5,5
4868,1,4,4
4869,8,2,2
4870,2,2,2
4871,6,6,6
4872,4,7,7
4873,6,6,6
4874,4,7,7
4875,6,6,6
4876,7,7,7
4877,0,0,0
4878,5,5,5
4879,2,3,3
4880,8,8,8
4881,1,1,1
4882,6,6,6
4883,4,7,7
4884,6,6,6
4885,7,7,7
4886,0,0,0
4887,5,5,5
4888,3,3,3
4889,6,6,6
4890,4,7,7
4891,6,6,6
4892,7,7,7
4893,0,0,0
4894,5,5,5
4895,4,3,3
4896,6,6,6
4897,4,7,7
4898,6,6,6
4899,7,7,7
4900,0,0,0
4901,5,5,5
4902,1,3,3
4903,2,2,2
4904,8,8,8
4905,6,6,6
4906,4,7,7
4907,6,6,6
4908,4,7,7
4909,6,6,6
4910,4,7,7
4911,6,6,6
4912,7,7,7
4913,3,0,0
4914,6,6,6
4915,7,7,7
4916,0,0,0
4917,5,5,5
4918,3,4,3
4919,6,6,6
4920,7,7,7
4921,4,0,0
4922,7,7,7
4923,0,0,4
4924,5,5,5
4925,6,6,6
4926,7,7,7
4927,0,0,4
4928,3,5,5
4929,6,6,6
4930,7,7,7
4931,0,0,0
4932,5,5,5
4933,2,4,3
4934,8,8,8
4935,1,1,1
4936,6,6,6
4937,4,7,7
4938,6,6,6
4939,7,7,7
4940,4,0,0
4941,6,6,6
4942,7,7,7
4943,3,0,0
4944,6,6,6
4945,4,7,7
4946,6,6,6
4947,4,7,7
4948,6,6,6
4949,4,7,7
4950,6,6,6
4951,7,7,7
4952,4,0,4
4953,6,6,6
4954,4,7,7
4955,6,6,6
4956,7,7,7
4957,6,6,6
4958,4,7,7
4959,6,6,6
4960,7,7,7
4961,0,0,0
4962,5,5,5
4963,3,3,3
4964,6,6,6
4965,4,7,7
4966,6,6,6
4967,7,7,7
4968,6,6,6
4969,7,7,7
4970,3,0,0
4971,6,6,6
4972,7,7,7
4973,3,0,0
4974,6,6,6
4975,4,7,7
4976,6,6,6
4977,7,7,7
4978,0,0,4
4979,5,5,5
4980,1,3,2
4981,2,2,2
4982,8,8,8
4983,6,6,6
4984,4,7,7
4985,6,6,6
4986,7,7,7
4987,4,0,4
4988,6,6,6
4989,4,7,7
4990,6,6,6
4991,4,7,7
4992,6,6,6
4993,7,7,7
4994,0,0,0
4995,5,5,5
4996,2,3,3
4997,8,1,1
4998,1,1,1
4999,6,6,6
5000,7,7,7
5001,0,0,0
5002,5,5,5
5003,6,6,6
5004,7,7,7
5005,4,0,4
5006,6,6,6
5007,7,7,7
5008,0,0,0
5009,5,5,5
5010,6,6,6
5011,7,7,7
5012,0,0,4
5013,5,5,5
5014,2,3,3
5015,1,8,8
5016,8,8,8
5017,6,6,6
5018,7,7,7
5019,3,0,0
5020,6,6,6
5021,4,7,7
5022,6,6,6
5023,7,7,7
5024,0,0,0
5025,5,5,5
5026,6,6,6
5027,4,7,7
5028,6,6,6
5029,4,7,7
5030,6,6,6
5031,7,7,7
5032,0,0,0
5033,5,5,5
5034,6,6,6
5035,7,7,7
5036,4,0,4
5037,6,6,6
5038,4,7,7
5039,6,6,6
5040,4,7,7
5041,6,6,6
5042,4,7,7
5043,6,6,6
5044,7,7,7
5045,0,0,0
5046,5,5,5
5047,6,6,6
5048,4,7,7
5049,6,6,6
5050,7,7,7
5051,6,6,6
5052,4,7,7
5053,6,6,6
5054,7,7,7
5055,0,0,0
5056,5,5,5
5057,6,6,6
5058,7,7,7
5059,3,0,0
5060,6,6,6
5061,7,7,7
5062,0,0,0
5063,5,5,5
5064,8,3,3
5065,2,2,2
5066,1,1,1
5067,6,6,6
5068,7,7,7
5069,6,6,6
5070,7,7,7
5071,0,0,0
5072,6,6,6
5073,4,7,7
5074,6,6,6
5075,7,7,7
5076,0,0,0
5077,5,5,5
5078,4,3,3
5079,6,6,6
5080,4,7,7
5081,6,6,6
5082,4,7,7
5083,6,6,6
5084,4,7,7
5085,6,6,6
5086,7,7,7
5087,0,0,0
5088,5,5,5
5089,6,6,6
5090,4,7,7
5091,6,6,6
5092,7,7,7
5093,0,0,0
5094,5,5,5
5095,3,3,3
5096,6,6,6
5097,7,7,7
5098,0,0,0
5099,5,5,5
5100,4,3,3
5101,6,6,6
5102,4,7,7
5103,6,6,6
5104,4,7,7
5105,6,6,6
5106,4,7,7
5107,6,6,6
5108,7,7,7
5109,0,0,0
5110,5,5,5
5111,6,6,6
5112,7,7,7
5113,4,0,0
5114,6,6,6
5115,4,7,7
5116,6,6,6
5117,7,7,7
5118,0,0,0
5119,5,5,5
5120,6,6,6
5121,7,7,7
5122,0,0,0
5123,5,5,5
5124,8,3,3
5125,2,2,2
5126,1,1,1
5127,6,6,6
5128,7,7,7
5129,0,0,0
5130,5,5,5
5131,6,6,6
5132,7,7,7
5133,0,0,0
5134,5,5,5
5135,2,3,2
5136,8,8,8
5137,1,1,1
5138,6,6,6
5139,4,7,7
5140,6,6,6
5141,4,7,7
5142,6,6,6
5143,4,7,7
5144,6,6,6
5145,4,7,7
5146,6,6,6
5147,7,7,7
5148,0,0,0
5149,5,5,5
5150,6,6,6
5151,7,7,7
5152,4,0,0
5153,6,6,6
5154,7,7,7
5155,4,0,0
5156,6,6,6
5157,4,7,7
5158,6,6,6
5159,7,7,7
5160,6,6,6
5161,7,7,7
5162,3,0,0
5163,6,6,6
5164,7,7,7
5165,0,0,0
5166,5,5,5
5167,2,3,3
5168,8,8,8
5169,1,1,1
5170,6,6,6
5171,7,7,7
5172,0,0,0
5173,5,5,5
5174,2,3,3
5175,8,8,8
5176,1,1,1
5177,6,6,6
5178,4,7,7
5179,6,6,6
5180,7,7,7
5181,6,6,6
5182,7,7,7
5183,0,0,0
5184,5,5,5
5185,3,4,3
5186,6,6,6
5187,4,7,7
5188,6,6,6
5189,7,7,7
5190,3,0,0
5191,6,6,6
5192,4,7,7
5193,6,6,6
5194,4,7,7
5195,6,6,6
5196,4,7,7
5197,6,6,6
5198,4,7,7
5199,6,6,6
5200,4,7,7
5201,6,6,6
5202,7,7,7
5203,0,0,0
5204,5,5,5
5205,1,3,3
5206,2,2,2
5207,8,8,8
5208,6,6,6
5209,4,7,7
5210,6,6,6
5211,4,7,7
5212,6,6,6
5213,7,7,7
5214,0,0,0
5215,5,5,5
5216,6,6,6
5217,7,7,7
5218,0,0,0
5219,5,5,5
5220,8,3,3
5221,2,2,2
5222,1,1,1
5223,6,6,6
5224,7,7,7
5225,0,0,0
5226,5,5,5
5227,4,3,3
5228,6,6,6
5229,4,7,7
5230,6,6,6
5231,4,7,7
5232,6,6,6
5233,4,7,7
5234,6,6,6
5235,4,7,7
5236,6,6,6
5237,7,7,7
5238,0,0,0
5239,5,5,5
5240,4,3,3
5241,6,6,6
5242,7,7,7
5243,4,4,4
5244,6,6,6
5245,7,7,7
5246,0,0,0
5247,5,5,5
5248,6,6,6
5249,4,7,7
5250,6,6,6
5251,7,7,7
5252,4,0,0
5253,6,6,6
5254,4,7,7
5255,6,6,6
5256,7,7,7
5257,3,0,0
5258,6,6,6
5259,7,7,7
5260,6,6,6
5261,7,7,7
5262,0,0,0
5263,5,5,5
5264,2,3,3
5265,1,8,8
5266,8,8,8
5267,6,6,6
5268,7,7,7
5269,0,0,0
5270,5,5,5
5271,3,3,3
5272,6,6,6
5273,7,7,7
5274,0,0,0
5275,5,5,5
5276,6,6,6
5277,7,7,7
5278,0,0,0
5279,5,5,5
5280,1,3,3
5281,2,2,2
5282,8,8,8
5283,6,6,6
5284,7,7,7
5285,0,0,0
5286,5,5,5
5287,2,3,3
5288,8,8,8
5289,1,1,1
5290,6,6,6
5291,7,7,7
5292,0,0,0
5293,5,5,5
5294,6,6,6
5295,4,7,7
5296,6,6,6
5297,7,7,7
5298,0,0,0
5299,5,5,5
5300,6,6,6
5301,7,7,7
5302,0,0,0
5303,5,5,5
5304,6,6,6
5305,4,7,7
5306,6,6,6
5307,7,7,7
5308,0,0,0
5309,5,5,5
5310,2,3,3
5311,8,8,8
5312,1,1,1
5313,6,6,6
5314,7,7,7
5315,0,0,0
5316,5,5,5
5317,2,3,3
5318,8,8,8
5319,1,1,1
5320,6,6,6
5321,7,7,7
5322,0,0,0
5323,5,5,5
5324,2,3,3
5325,8,8,8
5326,1,1,1
5327,6,6,6
5328,7,7,7
5329,0,0,0
5330,5,5,5
5331,6,6,6
5332,7,7,7
5333,0,0,0
5334,5,5,5
5335,1,3,3
5336,2,2,2
5337,8,8,8
5338,6,6,6
5339,4,7,7
5340,6,6,6
5341,4,7,7
5342,6,6,6
5343,4,7,7
5344,6,6,6
5345,7,7,7
5346,4,0,0
5347,6,6,6
5348,4,7,7
5349,6,6,6
5350,7,7,7
5351,0,0,0
5352,5,5,5
5353,3,3,3
5354,6,6,6
5355,7,7,7
5356,4,0,0
5357,6,6,6
5358,4,7,7
5359,6,6,6
5360,7,7,7
5361,6,6,6
5362,4,7,7
5363,6,6,6
5364,4,7,7
5365,6,6,6
5366,4,7,7
5367,6,6,6
5368,4,7,7
5369,6,6,6
5370,4,7,7
5371,6,6,6
5372,4,7,7
5373,6,6,6
5374,7,7,7
5375,0,0,0
5376,5,5,5
5377,6,6,6
5378,7,7,7
5379,3,0,0
5380,6,6,6
5381,7,7,7
5382,0,0,0
5383,5,5,5
5384,2,3,3
5385,8,8,8
5386,1,1,1
5387,6,6,6
5388,7,7,7
5389,0,0,0
5390,5,5,5
5391,6,6,6
5392,4,7,7
5393,6,6,6
5394,4,7,7
5395,6,6,6
5396,7,7,7
5397,4,0,0
5398,6,6,6
5399,7,7,7
5400,0,0,0
5401,5,5,5
5402,8,3,3
5403,2,2,2
5404,1,1,1
5405,6,6,6
5406,4,7,7
5407,6,6,6
5408,4,7,7
5409,6,6,6
5410,4,7,7
5411,6,6,6
5412,7,7,7
5413,0,0,0
5414,5,5,5
5415,6,6,6
5416,7,7,7
5417,0,4,4
5418,5,5,5
5419,2,3,3
5420,8,8,8
5421,1,1,1
5422,6,6,6
5423,7,7,7
5424,3,0,0
5425,6,6,6
5426,4,7,7
5427,6,6,6
5428,7,7,7
5429,4,0,0
